[22Jan2026 01:19:08.246] [main/INFO] [cpw.mods.modlauncher.Launcher/MODLAUNCHER]: ModLauncher running: args [--launchTarget, forgeserver, --fml.forgeVersion, 47.4.10, --fml.mcVersion, 1.20.1, --fml.forgeGroup, net.minecraftforge, --fml.mcpVersion, 20230612.114412, nogui]
[22Jan2026 01:19:08.249] [main/INFO] [cpw.mods.modlauncher.Launcher/MODLAUNCHER]: ModLauncher 10.0.9+10.0.9+main.dcd20f30 starting: java version 17.0.17 by Ubuntu; OS Linux arch amd64 version 6.8.0-1030-azure
[22Jan2026 01:19:15.653] [main/INFO] [net.minecraftforge.fml.loading.ImmediateWindowHandler/]: ImmediateWindowProvider not loading because launch target is forgeserver
[22Jan2026 01:19:15.736] [main/INFO] [mixin/]: SpongePowered MIXIN Subsystem Version=0.8.5 Source=union:/workspaces/soyungatito/servidor_minecraft/libraries/org/spongepowered/mixin/0.8.5/mixin-0.8.5.jar%2365!/ Service=ModLauncher Env=SERVER
[22Jan2026 01:19:15.984] [main/WARN] [net.minecraftforge.fml.loading.moddiscovery.ModDiscoverer/SCAN]: Locator {mods folder locator at /workspaces/soyungatito/servidor_minecraft/mods} returned 1 files which are client-side-only mods, but we're on a dedicated server. They will be skipped!
[22Jan2026 01:19:16.266] [main/WARN] [net.minecraftforge.fml.loading.moddiscovery.ModFileParser/LOADING]: Mod file /workspaces/soyungatito/servidor_minecraft/libraries/net/minecraftforge/fmlcore/1.20.1-47.4.10/fmlcore-1.20.1-47.4.10.jar is missing mods.toml file
[22Jan2026 01:19:16.267] [main/WARN] [net.minecraftforge.fml.loading.moddiscovery.ModFileParser/LOADING]: Mod file /workspaces/soyungatito/servidor_minecraft/libraries/net/minecraftforge/javafmllanguage/1.20.1-47.4.10/javafmllanguage-1.20.1-47.4.10.jar is missing mods.toml file
[22Jan2026 01:19:16.268] [main/WARN] [net.minecraftforge.fml.loading.moddiscovery.ModFileParser/LOADING]: Mod file /workspaces/soyungatito/servidor_minecraft/libraries/net/minecraftforge/lowcodelanguage/1.20.1-47.4.10/lowcodelanguage-1.20.1-47.4.10.jar is missing mods.toml file
[22Jan2026 01:19:16.269] [main/WARN] [net.minecraftforge.fml.loading.moddiscovery.ModFileParser/LOADING]: Mod file /workspaces/soyungatito/servidor_minecraft/libraries/net/minecraftforge/mclanguage/1.20.1-47.4.10/mclanguage-1.20.1-47.4.10.jar is missing mods.toml file
[22Jan2026 01:19:16.756] [main/INFO] [net.minecraftforge.fml.loading.moddiscovery.JarInJarDependencyLocator/]: Found 21 dependencies adding them to mods collection
[22Jan2026 01:19:19.525] [main/INFO] [mixin/]: Compatibility level set to JAVA_17
[22Jan2026 01:19:19.709] [main/ERROR] [mixin/]: Mixin config yacl.mixins.json does not specify "minVersion" property
[22Jan2026 01:19:19.767] [main/INFO] [mixin/]: Successfully loaded Mixin Connector [de.maxhenkel.tradecycling.MixinConnector]
[22Jan2026 01:19:19.770] [main/INFO] [cpw.mods.modlauncher.LaunchServiceHandler/MODLAUNCHER]: Launching target 'forgeserver' with arguments [nogui]
[22Jan2026 01:19:20.021] [main/WARN] [mixin/]: Reference map 'handcrafted-forge-1.20.1-forge-refmap.json' for handcrafted.mixins.json could not be read. If this is a development environment you can ignore this message
[22Jan2026 01:19:20.026] [main/WARN] [mixin/]: Reference map 'morevillagers-forge-forge-refmap.json' for morevillagers.mixins.json could not be read. If this is a development environment you can ignore this message
[22Jan2026 01:19:20.043] [main/WARN] [mixin/]: Reference map 'yungsextras.refmap.json' for yungsextras.mixins.json could not be read. If this is a development environment you can ignore this message
[22Jan2026 01:19:20.045] [main/WARN] [mixin/]: Reference map 'yungsextras.refmap.json' for yungsextras_forge.mixins.json could not be read. If this is a development environment you can ignore this message
[22Jan2026 01:19:20.105] [main/WARN] [mixin/]: Reference map 'puzzlesaccessapi.common.refmap.json' for puzzlesaccessapi.common.mixins.json could not be read. If this is a development environment you can ignore this message
[22Jan2026 01:19:20.116] [main/WARN] [mixin/]: Reference map 'mixins.sons_of_sins.refmap.json' for mixins.sons_of_sins.json could not be read. If this is a development environment you can ignore this message
[22Jan2026 01:19:20.129] [main/WARN] [mixin/]: Reference map 'mes-forge-refmap.json' for mes-forge.mixins.json could not be read. If this is a development environment you can ignore this message
[22Jan2026 01:19:20.164] [main/WARN] [mixin/]: Reference map 'coroutil.refmap.json' for coroutil.mixins.json could not be read. If this is a development environment you can ignore this message
[22Jan2026 01:19:20.188] [main/INFO] [Puzzles Lib/]: Loading 94 mods:
	- alexsdelight 1.5
	- alexsmobs 1.22.9
	- apotheosis 7.4.8
	- appleskin 2.5.1+mc1.20.1
	- architectury 9.2.14
	- armoroftheages 1.3.11
	- attributeslib 1.3.7
	- balm 7.3.38
		\-- kuma_api 20.1.12
	- bettercaves 1.20.1-Forge-2.0.5
	- bettercombat 1.9.0+1.20.1
	- betterdeserttemples 1.20-Forge-3.0.3
	- betterdungeons 1.20-Forge-4.0.4
	- betterjungletemples 1.20-Forge-2.0.5
	- bettermineshafts 1.20-Forge-4.0.4
	- betteroceanmonuments 1.20-Forge-3.0.4
	- betterstrongholds 1.20-Forge-4.0.3
	- betterthirdperson 1.9.0
	- bookshelf 20.2.13
	- bountiful 6.0.4+1.20.1
	- citadel 2.6.3
	- clockwork 1.0.2
	- cloth_config 11.1.136
	- configured 2.2.3
	- corgilib 4.0.3.4
	- coroutil 1.20.1-1.3.7
	- cpm 0.6.25a
	- creativecore 2.12.32
	- ctov 3.4.14
	- curios 5.14.1+1.20.1
	- dataanchor 1.0.0.20
	- diagonalfences 8.1.5
		\-- diagonalblocks 8.0.6
	- dungeons_arise 2.1.58-1.20.x
	- enchdesc 17.1.20
	- enhancedcelestials 1.20.1-5.0.3.1
	- explorations 1.20.1-1.6.1
	- explorerscompass 1.20.1-1.3.3-forge
	- farmersdelight 1.20.1-1.2.9
	- fastconfigapi 2.1.2
	- forge 47.4.10
	- gateways 4.2.6
	- geckolib 4.8.2
	- goat_man 2.8
	- goblins_tyranny 1.2.3
	- guardvillagers 1.20.1-1.6.15
	- handcrafted 3.0.6
	- improved_village_placement 1.1.1
	- jade 11.13.2+forge
	- jei 15.20.0.129
	- kambrik 6.1.1+1.20.1
	- knightlib 1.4.3
	- kotlinforforge 4.12.0
	- labellingcontainers 1.8.2
	- legendary_monsters 1.20.1
	- lionfishapi 2.4-Fix
	- lithostitched 1.4.11
	- maxhealthfix 12.0.3
	- mes 1.4.6-1.20-forge
	- minecraft 1.20.1
	- moogs_structures 1.1.0-1.20-1.20.4
	- morevillagers 5.0.0
	- mowziesmobs 1.7.3
	- mr_tidal_towns 1.3.4
	- oceanicrealms 1.0.7
	- patchouli 1.20.1-84.1-FORGE
	- placebo 8.6.3
	- playeranimator 1.0.2-rc1+1.20
	- playerrevive 2.0.31
	- puzzleslib 8.1.33
		|-- mixinextras 0.4.1
		\-- puzzlesaccessapi 20.1.1
	- realistictorches 1.20.1-3.2.0
	- realmrpg_skeletons 1.1.0
	- resourcefullib 2.1.29
	- skinrestorer 2.5.0+1.20-forge
	- snuffles 1.2.0.1
	- sons_of_sins 2.1.10
	- sophisticatedbackpacks 3.24.20.1500
	- sophisticatedcore 1.2.119.1369
	- tectonic 3.0.17
	- tombstone 9.0.9
	- trade_cycling 1.20.1-1.0.18
	- twm 1.12.2
	- uncraftable 4.12
	- vampirism 1.10.13
		\-- teamlapenlib 1.10.13
	- void_lib 1.1.6
	- watching 1.9.2
	- waystones 14.1.18
	- yet_another_config_lib_v3 3.6.6+1.20.1-forge
	- yungsapi 1.20-Forge-4.0.6
	- yungsbridges 1.20-Forge-4.0.3
	- yungsextras 1.20-Forge-4.0.3
	- zombieawareness 1.20.1-1.13.1
[22Jan2026 01:19:20.971] [main/INFO] [net.minecraftforge.coremod.CoreMod.placebo/COREMODLOG]: Patching IForgeItemStack#getEnchantmentLevel
[22Jan2026 01:19:20.990] [main/INFO] [net.minecraftforge.coremod.CoreMod.placebo/COREMODLOG]: Patching IForgeItemStack#getEnchantmentLevel
[22Jan2026 01:19:21.510] [main/INFO] [net.minecraftforge.coremod.CoreMod.apotheosis/COREMODLOG]: Replaced 2 calls to Enchantment#getMaxLevel() in net/minecraft/world/inventory/AnvilMenu
[22Jan2026 01:19:21.532] [main/WARN] [mixin/]: Error loading class: org/violetmoon/quark/content/tweaks/module/GoldToolsHaveFortuneModule (java.lang.ClassNotFoundException: org.violetmoon.quark.content.tweaks.module.GoldToolsHaveFortuneModule)
[22Jan2026 01:19:21.534] [main/INFO] [net.minecraftforge.coremod.CoreMod.placebo/COREMODLOG]: Patching IForgeItemStack#getEnchantmentLevel
[22Jan2026 01:19:21.535] [main/INFO] [net.minecraftforge.coremod.CoreMod.placebo/COREMODLOG]: Patching IForgeItemStack#getEnchantmentLevel
[22Jan2026 01:19:21.548] [main/WARN] [mixin/]: Error loading class: com/hollingsworth/arsnouveau/common/items/SpellCrossbow (java.lang.ClassNotFoundException: com.hollingsworth.arsnouveau.common.items.SpellCrossbow)
[22Jan2026 01:19:22.391] [main/INFO] [MixinExtras|Service/]: Initializing MixinExtras via com.llamalad7.mixinextras.service.MixinExtrasServiceImpl(version=0.4.1).
[22Jan2026 01:19:24.699] [main/INFO] [net.minecraftforge.coremod.CoreMod.apotheosis/COREMODLOG]: Replaced 2 calls to Enchantment#getMaxLevel() in net/minecraft/world/item/CreativeModeTabs
[22Jan2026 01:19:26.272] [main/INFO] [net.minecraftforge.coremod.CoreMod.placebo/COREMODLOG]: Patching IForgeItemStack#getEnchantmentLevel
[22Jan2026 01:19:26.273] [main/INFO] [net.minecraftforge.coremod.CoreMod.placebo/COREMODLOG]: Patching IForgeItemStack#getEnchantmentLevel
[22Jan2026 01:19:26.390] [main/INFO] [net.minecraftforge.coremod.CoreMod.apotheosis/COREMODLOG]: Replaced 2 calls to Enchantment#getMaxLevel() in net/minecraft/world/inventory/AnvilMenu
[22Jan2026 01:19:28.270] [main/WARN] [mixin/]: @Final field f_26027_:Lnet/minecraft/world/entity/ai/targeting/TargetingConditions; in guardvillagers.mixins.json:DefendVillageGoalGolemMixin should be final
[22Jan2026 01:19:28.633] [main/INFO] [net.minecraftforge.coremod.CoreMod.apotheosis/COREMODLOG]: Patching FishingHook#catchingFish
[22Jan2026 01:19:28.951] [main/INFO] [net.minecraftforge.coremod.CoreMod.apotheosis/COREMODLOG]: Replaced 1 calls to Enchantment#getMaxLevel() in net/minecraft/world/level/storage/loot/functions/EnchantRandomlyFunction
[22Jan2026 01:19:28.951] [main/INFO] [net.minecraftforge.coremod.CoreMod.apotheosis/COREMODLOG]: Replaced 1 calls to Enchantment#isDiscoverable() in net/minecraft/world/level/storage/loot/functions/EnchantRandomlyFunction
[22Jan2026 01:19:29.999] [modloading-worker-0/INFO] [coroutil/]: forge loader environment detected
[22Jan2026 01:19:30.042] [modloading-worker-0/INFO] [MaxHealthFix/]: Loaded maxhealthfix for Forge.
[22Jan2026 01:19:30.044] [modloading-worker-0/INFO] [Void Lib/]: Void Lib successfully started!
[22Jan2026 01:19:30.107] [modloading-worker-0/INFO] [Bookshelf/]: Fixing MC-151457. Crafting remainder for minecraft:pufferfish_bucket is now minecraft:bucket.
[22Jan2026 01:19:30.107] [modloading-worker-0/INFO] [Bookshelf/]: Fixing MC-151457. Crafting remainder for minecraft:salmon_bucket is now minecraft:bucket.
[22Jan2026 01:19:30.107] [modloading-worker-0/INFO] [Bookshelf/]: Fixing MC-151457. Crafting remainder for minecraft:cod_bucket is now minecraft:bucket.
[22Jan2026 01:19:30.107] [modloading-worker-0/INFO] [Bookshelf/]: Fixing MC-151457. Crafting remainder for minecraft:tropical_fish_bucket is now minecraft:bucket.
[22Jan2026 01:19:30.107] [modloading-worker-0/INFO] [Bookshelf/]: Fixing MC-151457. Crafting remainder for minecraft:axolotl_bucket is now minecraft:bucket.
[22Jan2026 01:19:30.108] [modloading-worker-0/INFO] [Bookshelf/]: Fixing MC-151457. Crafting remainder for minecraft:powder_snow_bucket is now minecraft:bucket.
[22Jan2026 01:19:30.108] [modloading-worker-0/INFO] [Bookshelf/]: Fixing MC-151457. Crafting remainder for minecraft:tadpole_bucket is now minecraft:bucket.
[22Jan2026 01:19:30.275] [modloading-worker-0/WARN] [net.minecraftforge.common.ForgeConfigSpec/CORE]: Configuration file /workspaces/soyungatito/servidor_minecraft/config/guardvillagers-common.toml is not correct. Correcting
[22Jan2026 01:19:30.312] [modloading-worker-0/INFO] [Fast Config API/]: FastConfigAPI has been initialized
[22Jan2026 01:19:30.490] [modloading-worker-0/INFO] [Puzzles Lib/]: Constructing common components for diagonalblocks:main
[22Jan2026 01:19:31.053] [modloading-worker-0/INFO] [dev.architectury.networking.forge.NetworkManagerImpl/]: Registering C2S receiver with id architectury:sync_ids
[22Jan2026 01:19:31.406] [modloading-worker-0/INFO] [net.blay09.mods.balm.forge.config.ForgeBalmConfig/]: Registering config for waystones:common (COMMON) with 46 properties.
[22Jan2026 01:19:31.690] [modloading-worker-0/INFO] [net.minecraftforge.common.ForgeMod/FORGEMOD]: Forge mod loading, version 47.4.10, for MC 1.20.1 with MCP 20230612.114412
[22Jan2026 01:19:31.691] [modloading-worker-0/INFO] [net.minecraftforge.common.MinecraftForge/FORGE]: MinecraftForge v47.4.10 Initialized
[22Jan2026 01:19:31.936] [modloading-worker-0/INFO] [thedarkcolour.kotlinforforge.test.KotlinForForge/]: Kotlin For Forge Enabled!
[22Jan2026 01:19:31.963] [modloading-worker-0/INFO] [labellingcontainers/]: Initializing mod...
[22Jan2026 01:19:31.989] [modloading-worker-0/INFO] [Puzzles Lib/]: Constructing common components for diagonalfences:main
[22Jan2026 01:19:32.012] [modloading-worker-0/INFO] [dev.architectury.networking.forge.NetworkManagerImpl/]: Registering C2S receiver with id labellingcontainers:request_taggable_blocks_config_packet
[22Jan2026 01:19:32.015] [modloading-worker-0/INFO] [dev.architectury.networking.forge.NetworkManagerImpl/]: Registering C2S receiver with id labellingcontainers:label_printer_save_packet
[22Jan2026 01:19:32.015] [modloading-worker-0/WARN] [labellingcontainers/]: Could not run Client Setup (mod is probably running on a Server-Only instance)
[22Jan2026 01:19:32.165] [modloading-worker-0/INFO] [Puzzles Lib/]: Constructing common components for puzzleslib:main
[22Jan2026 01:19:32.185] [modloading-worker-0/INFO] [YetAnotherConfigLib/]: Deserializing AOTAConfig from '/workspaces/soyungatito/servidor_minecraft/config/armoroftheages.json'
[22Jan2026 01:19:32.184] [modloading-worker-0/INFO] [YetAnotherConfigLib/]: Deserializing YACLConfig from '/workspaces/soyungatito/servidor_minecraft/config/yacl.json5'
[22Jan2026 01:19:35.703] [main/INFO] [Diagonal Blocks/]: Constructing shapes for ForgeDiagonalFenceBlock[NodeWidth=2.0,ExtensionWidth=2.0,NodeTop=24.0,ExtensionBottom=0.0,ExtensionTop=24.0] took 180ms
[22Jan2026 01:19:35.735] [main/INFO] [Diagonal Blocks/]: Constructing shapes for ForgeDiagonalFenceBlock[NodeWidth=2.0,ExtensionWidth=2.0,NodeTop=16.0,ExtensionBottom=0.0,ExtensionTop=16.0] took 29ms
[22Jan2026 01:19:35.798] [main/INFO] [Diagonal Blocks/]: Constructing shapes for ForgeDiagonalFenceBlock[NodeWidth=2.0,ExtensionWidth=1.0,NodeTop=16.0,ExtensionBottom=6.0,ExtensionTop=15.0] took 58ms
[22Jan2026 01:19:40.088] [main/WARN] [net.minecraft.network.syncher.SynchedEntityData/]: defineId called for: class net.mcreator.sonsofsins.entity.WistiverEntity from class net.mcreator.sonsofsins.SinMonster
[22Jan2026 01:19:40.088] [main/WARN] [net.minecraft.network.syncher.SynchedEntityData/]: defineId called for: class net.mcreator.sonsofsins.entity.WistiverEntity from class net.mcreator.sonsofsins.SinMonster
[22Jan2026 01:19:40.088] [main/WARN] [net.minecraft.network.syncher.SynchedEntityData/]: defineId called for: class net.mcreator.sonsofsins.entity.WistiverEntity from class net.mcreator.sonsofsins.SinMonster
[22Jan2026 01:19:40.088] [main/WARN] [net.minecraft.network.syncher.SynchedEntityData/]: defineId called for: class net.mcreator.sonsofsins.entity.WistiverEntity from class net.mcreator.sonsofsins.SinMonster
[22Jan2026 01:19:40.089] [main/WARN] [net.minecraft.network.syncher.SynchedEntityData/]: defineId called for: class net.mcreator.sonsofsins.entity.WistiverEntity from class net.mcreator.sonsofsins.SinMonster
[22Jan2026 01:19:40.089] [main/WARN] [net.minecraft.network.syncher.SynchedEntityData/]: defineId called for: class net.mcreator.sonsofsins.entity.WistiverEntity from class net.mcreator.sonsofsins.SinMonster
[22Jan2026 01:19:40.089] [main/WARN] [net.minecraft.network.syncher.SynchedEntityData/]: defineId called for: class net.mcreator.sonsofsins.entity.WistiverEntity from class net.mcreator.sonsofsins.SinMonster
[22Jan2026 01:19:40.093] [main/WARN] [net.minecraft.network.syncher.SynchedEntityData/]: defineId called for: class net.miauczel.legendary_monsters.entity.AnimatedMonster.Mobs.Shulker_MimicEntity from class net.miauczel.legendary_monsters.entity.AnimatedMonster.Old.OldShulkerMimic
[22Jan2026 01:19:40.094] [main/WARN] [net.minecraft.network.syncher.SynchedEntityData/]: defineId called for: class net.miauczel.legendary_monsters.entity.AnimatedMonster.IAnimatedBoss.CloudGolem.Cloud_GolemEntity from class net.miauczel.legendary_monsters.entity.AnimatedMonster.OriginClasses.IAnimatedBoss
[22Jan2026 01:19:40.094] [main/WARN] [net.minecraft.network.syncher.SynchedEntityData/]: defineId called for: class net.miauczel.legendary_monsters.entity.AnimatedMonster.IAnimatedBoss.CloudGolem.Cloud_GolemEntity from class net.miauczel.legendary_monsters.entity.AnimatedMonster.OriginClasses.IAnimatedBoss
[22Jan2026 01:19:40.094] [main/WARN] [net.minecraft.network.syncher.SynchedEntityData/]: defineId called for: class net.miauczel.legendary_monsters.entity.AnimatedMonster.IAnimatedBoss.CloudGolem.Cloud_GolemEntity from class net.miauczel.legendary_monsters.entity.AnimatedMonster.OriginClasses.IAnimatedBoss
[22Jan2026 01:19:40.349] [main/WARN] [net.minecraftforge.common.ForgeConfigSpec/CORE]: Configuration file /workspaces/soyungatito/servidor_minecraft/config/guardvillagers-common.toml is not correct. Correcting
[22Jan2026 01:19:40.355] [main/WARN] [net.minecraftforge.common.ForgeConfigSpec/CORE]: Configuration file /workspaces/soyungatito/servidor_minecraft/config/clockwork.toml is not correct. Correcting
[22Jan2026 01:19:40.374] [main/WARN] [net.minecraftforge.common.ForgeConfigSpec/CORE]: Configuration file /workspaces/soyungatito/servidor_minecraft/config/knightlib.toml is not correct. Correcting
[22Jan2026 01:19:40.584] [Forge Version Check/INFO] [net.minecraftforge.fml.VersionChecker/]: [maxhealthfix] Starting version check at https://updates.blamejared.com/get?n=maxhealthfix&gv=1.20.1
[22Jan2026 01:19:40.602] [modloading-worker-0/INFO] [CPM/]: Customizable Player Models Initialized
[22Jan2026 01:19:40.604] [modloading-worker-0/INFO] [studio.lunareclipse.watching.Init/]: From The Fog Loaded Successfully!
[22Jan2026 01:19:40.634] [modloading-worker-0/INFO] [CorgiLib/]: Initializing network...
[22Jan2026 01:19:40.640] [modloading-worker-0/INFO] [CorgiLib/]: Initialized network!
[22Jan2026 01:19:40.879] [main/INFO] [net.minecraftforge.coremod.CoreMod.apotheosis/COREMODLOG]: Replaced 1 calls to Enchantment#getMaxLevel() in net/minecraft/world/entity/npc/VillagerTrades$EnchantBookForEmeralds
[22Jan2026 01:19:40.879] [main/INFO] [net.minecraftforge.coremod.CoreMod.apotheosis/COREMODLOG]: Replaced 1 calls to Enchantment#isTreasureOnly() in net/minecraft/world/entity/npc/VillagerTrades$EnchantBookForEmeralds
[22Jan2026 01:19:40.879] [main/INFO] [net.minecraftforge.coremod.CoreMod.apotheosis/COREMODLOG]: Replaced 1 calls to Enchantment#isTradeable() in net/minecraft/world/entity/npc/VillagerTrades$EnchantBookForEmeralds
[22Jan2026 01:19:40.934] [Forge Version Check/INFO] [net.minecraftforge.fml.VersionChecker/]: [maxhealthfix] Found status: BETA Current: 12.0.3 Target: 12.0.3
[22Jan2026 01:19:40.934] [Forge Version Check/INFO] [net.minecraftforge.fml.VersionChecker/]: [bookshelf] Starting version check at https://updates.blamejared.com/get?n=bookshelf&gv=1.20.1
[22Jan2026 01:19:40.952] [main/INFO] [de.teamlapen.vampirism.core.ModEffects/]: Fixing vanilla night vision potion types
[22Jan2026 01:19:41.018] [modloading-worker-0/INFO] [CPM/]: Customizable Player Models API initialized: Loaded plugins: (0)

[22Jan2026 01:19:41.041] [Forge Version Check/INFO] [net.minecraftforge.fml.VersionChecker/]: [bookshelf] Found status: BETA Current: 20.2.13 Target: 20.2.13
[22Jan2026 01:19:41.041] [Forge Version Check/INFO] [net.minecraftforge.fml.VersionChecker/]: [guardvillagers] Starting version check at https://raw.githubusercontent.com/seymourimadeit/guardvillagers/master/update.json
[22Jan2026 01:19:41.088] [modloading-worker-0/INFO] [Jade/]: Start loading plugin at dev.shadowsoffire.gateways.compat.GatewayJadePlugin
[22Jan2026 01:19:41.096] [Forge Version Check/INFO] [net.minecraftforge.fml.VersionChecker/]: [guardvillagers] Found status: BETA Current: 1.20.1-1.6.15 Target: 1.20-1.6.5
[22Jan2026 01:19:41.096] [Forge Version Check/INFO] [net.minecraftforge.fml.VersionChecker/]: [ctov] Starting version check at https://api.modrinth.com/updates/fgmhI8kH/forge_updates.json
[22Jan2026 01:19:41.097] [modloading-worker-0/INFO] [Jade/]: Start loading plugin at dev.shadowsoffire.apotheosis.spawn.compat.SpawnerHwylaPlugin
[22Jan2026 01:19:41.100] [modloading-worker-0/INFO] [Jade/]: Start loading plugin at dev.shadowsoffire.apotheosis.ench.compat.EnchHwylaPlugin
[22Jan2026 01:19:41.101] [modloading-worker-0/INFO] [Jade/]: Start loading plugin at dev.shadowsoffire.apotheosis.adventure.compat.AdventureHwylaPlugin
[22Jan2026 01:19:41.103] [modloading-worker-0/INFO] [Jade/]: Start loading plugin at net.blay09.mods.balm.forge.compat.hudinfo.ForgeJadeModCompat
[22Jan2026 01:19:41.103] [modloading-worker-0/INFO] [Jade/]: Start loading plugin at ovh.corail.tombstone.compatibility.IntegrationJade
[22Jan2026 01:19:41.104] [modloading-worker-0/INFO] [Jade/]: Start loading plugin at net.blay09.mods.waystones.compat.JadeIntegration
[22Jan2026 01:19:41.105] [modloading-worker-0/INFO] [Jade/]: Start loading plugin at snownee.jade.addon.vanilla.VanillaPlugin
[22Jan2026 01:19:41.118] [modloading-worker-0/INFO] [Jade/]: Start loading plugin at snownee.jade.addon.universal.UniversalPlugin
[22Jan2026 01:19:41.122] [modloading-worker-0/INFO] [Jade/]: Start loading plugin at snownee.jade.addon.core.CorePlugin
[22Jan2026 01:19:41.136] [main/INFO] [de.teamlapen.vampirism.core.ModEffects/]: Fixing vanilla night vision potion types
[22Jan2026 01:19:41.455] [Forge Version Check/INFO] [net.minecraftforge.fml.VersionChecker/]: [ctov] Found status: UP_TO_DATE Current: 3.4.14 Target: null
[22Jan2026 01:19:41.455] [Forge Version Check/INFO] [net.minecraftforge.fml.VersionChecker/]: [diagonalblocks] Starting version check at https://raw.githubusercontent.com/Fuzss/modresources/main/update/diagonalblocks.json
[22Jan2026 01:19:41.465] [Forge Version Check/INFO] [net.minecraftforge.fml.VersionChecker/]: [diagonalblocks] Found status: BETA Current: 8.0.6 Target: null
[22Jan2026 01:19:41.466] [Forge Version Check/INFO] [net.minecraftforge.fml.VersionChecker/]: [mr_tidal_towns] Starting version check at https://api.modrinth.com/updates/EEIwvQVo/forge_updates.json
[22Jan2026 01:19:41.509] [Forge Version Check/INFO] [net.minecraftforge.fml.VersionChecker/]: [mr_tidal_towns] Found status: OUTDATED Current: 1.3.4 Target: 1.3.4+mod
[22Jan2026 01:19:41.509] [Forge Version Check/INFO] [net.minecraftforge.fml.VersionChecker/]: [tombstone] Starting version check at https://raw.githubusercontent.com/Corail31/tombstone_lite/master/update.json
[22Jan2026 01:19:41.540] [Forge Version Check/INFO] [net.minecraftforge.fml.VersionChecker/]: [tombstone] Found status: UP_TO_DATE Current: 9.0.9 Target: null
[22Jan2026 01:19:41.541] [Forge Version Check/INFO] [net.minecraftforge.fml.VersionChecker/]: [configured] Starting version check at https://mrcrayfish.com/modupdatejson?id=configured
[22Jan2026 01:19:41.679] [Forge Version Check/WARN] [net.minecraftforge.fml.VersionChecker/]: Failed to process update information
com.google.gson.JsonSyntaxException: java.lang.IllegalStateException: Expected BEGIN_OBJECT but was STRING at line 1 column 1 path $
	at com.google.gson.Gson.fromJson(Gson.java:1226) ~[gson-2.10.jar%2372!/:?]
	at com.google.gson.Gson.fromJson(Gson.java:1124) ~[gson-2.10.jar%2372!/:?]
	at com.google.gson.Gson.fromJson(Gson.java:1034) ~[gson-2.10.jar%2372!/:?]
	at com.google.gson.Gson.fromJson(Gson.java:969) ~[gson-2.10.jar%2372!/:?]
	at net.minecraftforge.fml.VersionChecker$1.process(VersionChecker.java:186) ~[fmlcore-1.20.1-47.4.10.jar%23280!/:?]
	at java.lang.Iterable.forEach(Iterable.java:75) ~[?:?]
	at net.minecraftforge.fml.VersionChecker$1.run(VersionChecker.java:117) ~[fmlcore-1.20.1-47.4.10.jar%23280!/:?]
Caused by: java.lang.IllegalStateException: Expected BEGIN_OBJECT but was STRING at line 1 column 1 path $
	at com.google.gson.stream.JsonReader.beginObject(JsonReader.java:393) ~[gson-2.10.jar%2372!/:?]
	at com.google.gson.internal.bind.MapTypeAdapterFactory$Adapter.read(MapTypeAdapterFactory.java:182) ~[gson-2.10.jar%2372!/:?]
	at com.google.gson.internal.bind.MapTypeAdapterFactory$Adapter.read(MapTypeAdapterFactory.java:144) ~[gson-2.10.jar%2372!/:?]
	at com.google.gson.Gson.fromJson(Gson.java:1214) ~[gson-2.10.jar%2372!/:?]
	... 6 more
[22Jan2026 01:19:41.680] [Forge Version Check/INFO] [net.minecraftforge.fml.VersionChecker/]: [cpm] Starting version check at https://raw.githubusercontent.com/tom5454/CustomPlayerModels/master/version-check.json
[22Jan2026 01:19:41.727] [Forge Version Check/INFO] [net.minecraftforge.fml.VersionChecker/]: [cpm] Found status: BETA Current: 0.6.25a Target: 0.6.25a
[22Jan2026 01:19:41.727] [Forge Version Check/INFO] [net.minecraftforge.fml.VersionChecker/]: [puzzlesaccessapi] Starting version check at https://raw.githubusercontent.com/Fuzss/modresources/main/update/puzzlesaccessapi.json
[22Jan2026 01:19:41.738] [Forge Version Check/INFO] [net.minecraftforge.fml.VersionChecker/]: [puzzlesaccessapi] Found status: BETA Current: 20.1.1 Target: null
[22Jan2026 01:19:41.738] [Forge Version Check/INFO] [net.minecraftforge.fml.VersionChecker/]: [forge] Starting version check at https://files.minecraftforge.net/net/minecraftforge/forge/promotions_slim.json
[22Jan2026 01:19:41.868] [Forge Version Check/INFO] [net.minecraftforge.fml.VersionChecker/]: [forge] Found status: UP_TO_DATE Current: 47.4.10 Target: null
[22Jan2026 01:19:41.868] [Forge Version Check/INFO] [net.minecraftforge.fml.VersionChecker/]: [trade_cycling] Starting version check at https://update.maxhenkel.de/forge/trade_cycling
[22Jan2026 01:19:42.376] [Forge Version Check/INFO] [net.minecraftforge.fml.VersionChecker/]: [trade_cycling] Found status: AHEAD Current: 1.20.1-1.0.18 Target: null
[22Jan2026 01:19:42.376] [Forge Version Check/INFO] [net.minecraftforge.fml.VersionChecker/]: [enchdesc] Starting version check at https://updates.blamejared.com/get?n=enchdesc&gv=1.20.1
[22Jan2026 01:19:42.477] [Forge Version Check/INFO] [net.minecraftforge.fml.VersionChecker/]: [enchdesc] Found status: BETA Current: 17.1.20 Target: 17.1.20
[22Jan2026 01:19:42.477] [Forge Version Check/INFO] [net.minecraftforge.fml.VersionChecker/]: [diagonalfences] Starting version check at https://raw.githubusercontent.com/Fuzss/modresources/main/update/diagonalfences.json
[22Jan2026 01:19:42.487] [Forge Version Check/INFO] [net.minecraftforge.fml.VersionChecker/]: [diagonalfences] Found status: UP_TO_DATE Current: 8.1.5 Target: null
[22Jan2026 01:19:42.487] [Forge Version Check/INFO] [net.minecraftforge.fml.VersionChecker/]: [vampirism] Starting version check at https://api.modrinth.com/updates/vampirism/forge_updates.json
[22Jan2026 01:19:42.579] [Forge Version Check/INFO] [net.minecraftforge.fml.VersionChecker/]: [vampirism] Found status: UP_TO_DATE Current: 1.10.13 Target: null
[22Jan2026 01:19:42.579] [Forge Version Check/INFO] [net.minecraftforge.fml.VersionChecker/]: [puzzleslib] Starting version check at https://raw.githubusercontent.com/Fuzss/modresources/main/update/puzzleslib.json
[22Jan2026 01:19:42.589] [Forge Version Check/INFO] [net.minecraftforge.fml.VersionChecker/]: [puzzleslib] Found status: UP_TO_DATE Current: 8.1.33 Target: null
[22Jan2026 01:19:44.065] [main/INFO] [com.mojang.authlib.yggdrasil.YggdrasilAuthenticationService/]: Environment: authHost='https://authserver.mojang.com', accountsHost='https://api.mojang.com', sessionHost='https://sessionserver.mojang.com', servicesHost='https://api.minecraftservices.com', name='PROD'
[22Jan2026 01:19:46.370] [main/WARN] [net.minecraft.server.packs.VanillaPackResourcesBuilder/]: Assets URL 'union:/workspaces/soyungatito/servidor_minecraft/libraries/net/minecraft/server/1.20.1-20230612.114412/server-1.20.1-20230612.114412-srg.jar%23279!/assets/.mcassetsroot' uses unexpected schema
[22Jan2026 01:19:46.371] [main/WARN] [net.minecraft.server.packs.VanillaPackResourcesBuilder/]: Assets URL 'union:/workspaces/soyungatito/servidor_minecraft/libraries/net/minecraft/server/1.20.1-20230612.114412/server-1.20.1-20230612.114412-srg.jar%23279!/data/.mcassetsroot' uses unexpected schema
[22Jan2026 01:19:47.683] [main/INFO] [de.teamlapen.vampirism.world.biome.OverworldModifications/]: Adding biome vampirism:vampire_forest to ParameterPoints [ParameterPoint[temperature=[-4000--1900], humidity=[1000-3000], continentalness=[-1100-5500], erosion=[-3750--2225], depth=0, weirdness=[-5666--500], offset=0], ParameterPoint[temperature=[-4000--1900], humidity=[1000-3000], continentalness=[-1100-5500], erosion=[-3750--2225], depth=0, weirdness=[500-4000], offset=0]] in Preset.OVERWORLD
[22Jan2026 01:19:48.093] [main/INFO] [net.minecraftforge.coremod.CoreMod.apotheosis/COREMODLOG]: Replaced 2 calls to Enchantment#getMaxLevel() in net/minecraft/server/commands/EnchantCommand
[22Jan2026 01:19:48.345] [main/INFO] [bountiful/]: Adding serverside commands..
[22Jan2026 01:19:48.434] [main/INFO] [com.github.alexthe666.alexsmobs.AlexsMobs/]: Adding datapack listener capsid_recipes
[22Jan2026 01:19:48.626] [Worker-Main-5/ERROR] [net.minecraft.tags.TagLoader/]: Couldn't load tag ctov:wares/cardboard_box as it is missing following references: wares:cardboard_box (from [forge]ctov-3.4.14.jar)
[22Jan2026 01:19:48.638] [Worker-Main-5/ERROR] [net.minecraft.tags.TagLoader/]: Couldn't load tag ctov:wares/sealed_delivery_agreement as it is missing following references: wares:sealed_delivery_agreement (from [forge]ctov-3.4.14.jar)
[22Jan2026 01:19:49.749] [main/WARN] [net.minecraft.world.level.storage.loot.LootDataManager/]: Found loot table element validation problem in {loot_tables:alexsmobs:gameplay/seal_reward}.pools[0].entries[0]->{minecraft:gameplay/fishing/junk}.pools[1].condition[1]: Parameters [<parameter minecraft:origin>] are not provided in this context
[22Jan2026 01:19:49.751] [main/INFO] [placebo/]: Registered 34 additional loot tables.
[22Jan2026 01:19:49.821] [main/ERROR] [net.minecraft.world.item.crafting.RecipeManager/]: Parsing error loading recipe uncraftable:integration/refinedstorage/recipes/creative_storage_disk
com.google.gson.JsonSyntaxException: Unknown item 'refinedstorage:quartz_enriched_iron'
	at net.minecraft.world.item.crafting.ShapedRecipe.m_151280_(ShapedRecipe.java:292) ~[server-1.20.1-20230612.114412-srg.jar%23279!/:?]
	at java.util.Optional.orElseThrow(Optional.java:403) ~[?:?]
	at net.minecraft.world.item.crafting.ShapedRecipe.m_151278_(ShapedRecipe.java:291) ~[server-1.20.1-20230612.114412-srg.jar%23279!/:?]
	at net.minecraft.world.item.crafting.Ingredient.m_43919_(Ingredient.java:219) ~[server-1.20.1-20230612.114412-srg.jar%23279!/:?]
	at net.minecraftforge.common.crafting.VanillaIngredientSerializer.parse(VanillaIngredientSerializer.java:27) ~[forge-1.20.1-47.4.10-universal.jar%23284!/:?]
	at net.minecraftforge.common.crafting.CraftingHelper.getIngredient(CraftingHelper.java:148) ~[forge-1.20.1-47.4.10-universal.jar%23284!/:?]
	at net.minecraft.world.item.crafting.Ingredient.m_288218_(Ingredient.java:194) ~[server-1.20.1-20230612.114412-srg.jar%23279!/:?]
	at net.minecraft.world.item.crafting.ShapedRecipe.m_44210_(ShapedRecipe.java:278) ~[server-1.20.1-20230612.114412-srg.jar%23279!/:?]
	at net.minecraft.world.item.crafting.ShapedRecipe$Serializer.m_6729_(ShapedRecipe.java:306) ~[server-1.20.1-20230612.114412-srg.jar%23279!/:?]
	at net.minecraft.world.item.crafting.ShapedRecipe$Serializer.m_6729_(ShapedRecipe.java:301) ~[server-1.20.1-20230612.114412-srg.jar%23279!/:?]
	at net.minecraftforge.common.extensions.IForgeRecipeSerializer.fromJson(IForgeRecipeSerializer.java:23) ~[forge-1.20.1-47.4.10-universal.jar%23284!/:?]
	at net.minecraft.world.item.crafting.RecipeManager.fromJson(RecipeManager.java:171) ~[server-1.20.1-20230612.114412-srg.jar%23279!/:?]
	at net.minecraft.world.item.crafting.RecipeManager.m_5787_(RecipeManager.java:67) ~[server-1.20.1-20230612.114412-srg.jar%23279!/:?]
	at net.minecraft.world.item.crafting.RecipeManager.m_5787_(RecipeManager.java:34) ~[server-1.20.1-20230612.114412-srg.jar%23279!/:?]
	at net.minecraft.server.packs.resources.SimplePreparableReloadListener.m_10789_(SimplePreparableReloadListener.java:13) ~[server-1.20.1-20230612.114412-srg.jar%23279!/:?]
	at java.util.concurrent.CompletableFuture$UniAccept.tryFire(CompletableFuture.java:718) ~[?:?]
	at java.util.concurrent.CompletableFuture$Completion.run(CompletableFuture.java:482) ~[?:?]
	at net.minecraft.server.packs.resources.SimpleReloadInstance.m_143940_(SimpleReloadInstance.java:69) ~[server-1.20.1-20230612.114412-srg.jar%23279!/:?]
	at net.minecraft.Util.m_214652_(Util.java:783) ~[server-1.20.1-20230612.114412-srg.jar%23279!/:?]
	at net.minecraft.Util.m_214679_(Util.java:772) ~[server-1.20.1-20230612.114412-srg.jar%23279!/:?]
	at net.minecraft.server.Main.main(Main.java:166) ~[server-1.20.1-20230612.114412-srg.jar%23279!/:?]
	at jdk.internal.reflect.NativeMethodAccessorImpl.invoke0(Native Method) ~[?:?]
	at jdk.internal.reflect.NativeMethodAccessorImpl.invoke(NativeMethodAccessorImpl.java:77) ~[?:?]
	at jdk.internal.reflect.DelegatingMethodAccessorImpl.invoke(DelegatingMethodAccessorImpl.java:43) ~[?:?]
	at java.lang.reflect.Method.invoke(Method.java:569) ~[?:?]
	at net.minecraftforge.fml.loading.targets.CommonLaunchHandler.runTarget(CommonLaunchHandler.java:111) ~[fmlloader-1.20.1-47.4.10.jar%2369!/:?]
	at net.minecraftforge.fml.loading.targets.CommonLaunchHandler.serverService(CommonLaunchHandler.java:103) ~[fmlloader-1.20.1-47.4.10.jar%2369!/:?]
	at net.minecraftforge.fml.loading.targets.CommonServerLaunchHandler.lambda$makeService$0(CommonServerLaunchHandler.java:27) ~[fmlloader-1.20.1-47.4.10.jar%2369!/:?]
	at cpw.mods.modlauncher.LaunchServiceHandlerDecorator.launch(LaunchServiceHandlerDecorator.java:30) ~[modlauncher-10.0.9.jar%2355!/:?]
	at cpw.mods.modlauncher.LaunchServiceHandler.launch(LaunchServiceHandler.java:53) ~[modlauncher-10.0.9.jar%2355!/:?]
	at cpw.mods.modlauncher.LaunchServiceHandler.launch(LaunchServiceHandler.java:71) ~[modlauncher-10.0.9.jar%2355!/:?]
	at cpw.mods.modlauncher.Launcher.run(Launcher.java:108) ~[modlauncher-10.0.9.jar%2355!/:?]
	at cpw.mods.modlauncher.Launcher.main(Launcher.java:78) ~[modlauncher-10.0.9.jar%2355!/:?]
	at cpw.mods.modlauncher.BootstrapLaunchConsumer.accept(BootstrapLaunchConsumer.java:26) ~[modlauncher-10.0.9.jar%2355!/:?]
	at cpw.mods.modlauncher.BootstrapLaunchConsumer.accept(BootstrapLaunchConsumer.java:23) ~[modlauncher-10.0.9.jar%2355!/:?]
	at cpw.mods.bootstraplauncher.BootstrapLauncher.main(BootstrapLauncher.java:141) ~[bootstraplauncher-1.1.2.jar:?]
[22Jan2026 01:19:49.827] [main/INFO] [net.minecraft.world.item.crafting.RecipeManager/]: Skipping loading recipe vampirism:general/umbrella as it's serializer returned null
[22Jan2026 01:19:49.848] [main/ERROR] [net.minecraft.world.item.crafting.RecipeManager/]: Parsing error loading recipe legendary_monsters:ender_hammer
com.google.gson.JsonSyntaxException: Unknown item 'legendary_monsters:ender_hammer'
	at net.minecraftforge.common.crafting.CraftingHelper.getItem(CraftingHelper.java:160) ~[forge-1.20.1-47.4.10-universal.jar%23284!/:?]
	at net.minecraftforge.common.crafting.CraftingHelper.getItemStack(CraftingHelper.java:186) ~[forge-1.20.1-47.4.10-universal.jar%23284!/:?]
	at net.minecraft.world.item.crafting.ShapedRecipe.m_151274_(ShapedRecipe.java:286) ~[server-1.20.1-20230612.114412-srg.jar%23279!/:?]
	at net.minecraft.world.item.crafting.ShapedRecipe$Serializer.m_6729_(ShapedRecipe.java:311) ~[server-1.20.1-20230612.114412-srg.jar%23279!/:?]
	at net.minecraft.world.item.crafting.ShapedRecipe$Serializer.m_6729_(ShapedRecipe.java:301) ~[server-1.20.1-20230612.114412-srg.jar%23279!/:?]
	at net.minecraftforge.common.extensions.IForgeRecipeSerializer.fromJson(IForgeRecipeSerializer.java:23) ~[forge-1.20.1-47.4.10-universal.jar%23284!/:?]
	at net.minecraft.world.item.crafting.RecipeManager.fromJson(RecipeManager.java:171) ~[server-1.20.1-20230612.114412-srg.jar%23279!/:?]
	at net.minecraft.world.item.crafting.RecipeManager.m_5787_(RecipeManager.java:67) ~[server-1.20.1-20230612.114412-srg.jar%23279!/:?]
	at net.minecraft.world.item.crafting.RecipeManager.m_5787_(RecipeManager.java:34) ~[server-1.20.1-20230612.114412-srg.jar%23279!/:?]
	at net.minecraft.server.packs.resources.SimplePreparableReloadListener.m_10789_(SimplePreparableReloadListener.java:13) ~[server-1.20.1-20230612.114412-srg.jar%23279!/:?]
	at java.util.concurrent.CompletableFuture$UniAccept.tryFire(CompletableFuture.java:718) ~[?:?]
	at java.util.concurrent.CompletableFuture$Completion.run(CompletableFuture.java:482) ~[?:?]
	at net.minecraft.server.packs.resources.SimpleReloadInstance.m_143940_(SimpleReloadInstance.java:69) ~[server-1.20.1-20230612.114412-srg.jar%23279!/:?]
	at net.minecraft.Util.m_214652_(Util.java:783) ~[server-1.20.1-20230612.114412-srg.jar%23279!/:?]
	at net.minecraft.Util.m_214679_(Util.java:772) ~[server-1.20.1-20230612.114412-srg.jar%23279!/:?]
	at net.minecraft.server.Main.main(Main.java:166) ~[server-1.20.1-20230612.114412-srg.jar%23279!/:?]
	at jdk.internal.reflect.NativeMethodAccessorImpl.invoke0(Native Method) ~[?:?]
	at jdk.internal.reflect.NativeMethodAccessorImpl.invoke(NativeMethodAccessorImpl.java:77) ~[?:?]
	at jdk.internal.reflect.DelegatingMethodAccessorImpl.invoke(DelegatingMethodAccessorImpl.java:43) ~[?:?]
	at java.lang.reflect.Method.invoke(Method.java:569) ~[?:?]
	at net.minecraftforge.fml.loading.targets.CommonLaunchHandler.runTarget(CommonLaunchHandler.java:111) ~[fmlloader-1.20.1-47.4.10.jar%2369!/:?]
	at net.minecraftforge.fml.loading.targets.CommonLaunchHandler.serverService(CommonLaunchHandler.java:103) ~[fmlloader-1.20.1-47.4.10.jar%2369!/:?]
	at net.minecraftforge.fml.loading.targets.CommonServerLaunchHandler.lambda$makeService$0(CommonServerLaunchHandler.java:27) ~[fmlloader-1.20.1-47.4.10.jar%2369!/:?]
	at cpw.mods.modlauncher.LaunchServiceHandlerDecorator.launch(LaunchServiceHandlerDecorator.java:30) ~[modlauncher-10.0.9.jar%2355!/:?]
	at cpw.mods.modlauncher.LaunchServiceHandler.launch(LaunchServiceHandler.java:53) ~[modlauncher-10.0.9.jar%2355!/:?]
	at cpw.mods.modlauncher.LaunchServiceHandler.launch(LaunchServiceHandler.java:71) ~[modlauncher-10.0.9.jar%2355!/:?]
	at cpw.mods.modlauncher.Launcher.run(Launcher.java:108) ~[modlauncher-10.0.9.jar%2355!/:?]
	at cpw.mods.modlauncher.Launcher.main(Launcher.java:78) ~[modlauncher-10.0.9.jar%2355!/:?]
	at cpw.mods.modlauncher.BootstrapLaunchConsumer.accept(BootstrapLaunchConsumer.java:26) ~[modlauncher-10.0.9.jar%2355!/:?]
	at cpw.mods.modlauncher.BootstrapLaunchConsumer.accept(BootstrapLaunchConsumer.java:23) ~[modlauncher-10.0.9.jar%2355!/:?]
	at cpw.mods.bootstraplauncher.BootstrapLauncher.main(BootstrapLauncher.java:141) ~[bootstraplauncher-1.1.2.jar:?]
[22Jan2026 01:19:49.885] [main/ERROR] [net.minecraft.world.item.crafting.RecipeManager/]: Parsing error loading recipe alexsdelight:barbecue_on_a_stick
com.google.gson.JsonSyntaxException: Unknown item 'amfd:singular_cooked_moose_rib'
	at net.minecraft.world.item.crafting.ShapedRecipe.m_151280_(ShapedRecipe.java:292) ~[server-1.20.1-20230612.114412-srg.jar%23279!/:?]
	at java.util.Optional.orElseThrow(Optional.java:403) ~[?:?]
	at net.minecraft.world.item.crafting.ShapedRecipe.m_151278_(ShapedRecipe.java:291) ~[server-1.20.1-20230612.114412-srg.jar%23279!/:?]
	at net.minecraft.world.item.crafting.Ingredient.m_43919_(Ingredient.java:219) ~[server-1.20.1-20230612.114412-srg.jar%23279!/:?]
	at net.minecraftforge.common.crafting.VanillaIngredientSerializer.parse(VanillaIngredientSerializer.java:27) ~[forge-1.20.1-47.4.10-universal.jar%23284!/:?]
	at net.minecraftforge.common.crafting.CraftingHelper.getIngredient(CraftingHelper.java:148) ~[forge-1.20.1-47.4.10-universal.jar%23284!/:?]
	at net.minecraft.world.item.crafting.Ingredient.m_288218_(Ingredient.java:194) ~[server-1.20.1-20230612.114412-srg.jar%23279!/:?]
	at net.minecraft.world.item.crafting.ShapelessRecipe$Serializer.m_44275_(ShapelessRecipe.java:104) ~[server-1.20.1-20230612.114412-srg.jar%23279!/:?]
	at net.minecraft.world.item.crafting.ShapelessRecipe$Serializer.m_6729_(ShapelessRecipe.java:89) ~[server-1.20.1-20230612.114412-srg.jar%23279!/:?]
	at net.minecraft.world.item.crafting.ShapelessRecipe$Serializer.m_6729_(ShapelessRecipe.java:84) ~[server-1.20.1-20230612.114412-srg.jar%23279!/:?]
	at net.minecraftforge.common.extensions.IForgeRecipeSerializer.fromJson(IForgeRecipeSerializer.java:23) ~[forge-1.20.1-47.4.10-universal.jar%23284!/:?]
	at net.minecraft.world.item.crafting.RecipeManager.fromJson(RecipeManager.java:171) ~[server-1.20.1-20230612.114412-srg.jar%23279!/:?]
	at net.minecraft.world.item.crafting.RecipeManager.m_5787_(RecipeManager.java:67) ~[server-1.20.1-20230612.114412-srg.jar%23279!/:?]
	at net.minecraft.world.item.crafting.RecipeManager.m_5787_(RecipeManager.java:34) ~[server-1.20.1-20230612.114412-srg.jar%23279!/:?]
	at net.minecraft.server.packs.resources.SimplePreparableReloadListener.m_10789_(SimplePreparableReloadListener.java:13) ~[server-1.20.1-20230612.114412-srg.jar%23279!/:?]
	at java.util.concurrent.CompletableFuture$UniAccept.tryFire(CompletableFuture.java:718) ~[?:?]
	at java.util.concurrent.CompletableFuture$Completion.run(CompletableFuture.java:482) ~[?:?]
	at net.minecraft.server.packs.resources.SimpleReloadInstance.m_143940_(SimpleReloadInstance.java:69) ~[server-1.20.1-20230612.114412-srg.jar%23279!/:?]
	at net.minecraft.Util.m_214652_(Util.java:783) ~[server-1.20.1-20230612.114412-srg.jar%23279!/:?]
	at net.minecraft.Util.m_214679_(Util.java:772) ~[server-1.20.1-20230612.114412-srg.jar%23279!/:?]
	at net.minecraft.server.Main.main(Main.java:166) ~[server-1.20.1-20230612.114412-srg.jar%23279!/:?]
	at jdk.internal.reflect.NativeMethodAccessorImpl.invoke0(Native Method) ~[?:?]
	at jdk.internal.reflect.NativeMethodAccessorImpl.invoke(NativeMethodAccessorImpl.java:77) ~[?:?]
	at jdk.internal.reflect.DelegatingMethodAccessorImpl.invoke(DelegatingMethodAccessorImpl.java:43) ~[?:?]
	at java.lang.reflect.Method.invoke(Method.java:569) ~[?:?]
	at net.minecraftforge.fml.loading.targets.CommonLaunchHandler.runTarget(CommonLaunchHandler.java:111) ~[fmlloader-1.20.1-47.4.10.jar%2369!/:?]
	at net.minecraftforge.fml.loading.targets.CommonLaunchHandler.serverService(CommonLaunchHandler.java:103) ~[fmlloader-1.20.1-47.4.10.jar%2369!/:?]
	at net.minecraftforge.fml.loading.targets.CommonServerLaunchHandler.lambda$makeService$0(CommonServerLaunchHandler.java:27) ~[fmlloader-1.20.1-47.4.10.jar%2369!/:?]
	at cpw.mods.modlauncher.LaunchServiceHandlerDecorator.launch(LaunchServiceHandlerDecorator.java:30) ~[modlauncher-10.0.9.jar%2355!/:?]
	at cpw.mods.modlauncher.LaunchServiceHandler.launch(LaunchServiceHandler.java:53) ~[modlauncher-10.0.9.jar%2355!/:?]
	at cpw.mods.modlauncher.LaunchServiceHandler.launch(LaunchServiceHandler.java:71) ~[modlauncher-10.0.9.jar%2355!/:?]
	at cpw.mods.modlauncher.Launcher.run(Launcher.java:108) ~[modlauncher-10.0.9.jar%2355!/:?]
	at cpw.mods.modlauncher.Launcher.main(Launcher.java:78) ~[modlauncher-10.0.9.jar%2355!/:?]
	at cpw.mods.modlauncher.BootstrapLaunchConsumer.accept(BootstrapLaunchConsumer.java:26) ~[modlauncher-10.0.9.jar%2355!/:?]
	at cpw.mods.modlauncher.BootstrapLaunchConsumer.accept(BootstrapLaunchConsumer.java:23) ~[modlauncher-10.0.9.jar%2355!/:?]
	at cpw.mods.bootstraplauncher.BootstrapLauncher.main(BootstrapLauncher.java:141) ~[bootstraplauncher-1.1.2.jar:?]
[22Jan2026 01:19:49.890] [main/INFO] [net.minecraft.world.item.crafting.RecipeManager/]: Skipping loading recipe vampirism:vampire/blood_bottle as it's serializer returned null
[22Jan2026 01:19:49.928] [main/ERROR] [net.minecraft.world.item.crafting.RecipeManager/]: Parsing error loading recipe uncraftable:integration/refinedstorage/recipes/creative_fluid_storage_disk
com.google.gson.JsonSyntaxException: Unknown item 'refinedstorage:quartz_enriched_iron'
	at net.minecraft.world.item.crafting.ShapedRecipe.m_151280_(ShapedRecipe.java:292) ~[server-1.20.1-20230612.114412-srg.jar%23279!/:?]
	at java.util.Optional.orElseThrow(Optional.java:403) ~[?:?]
	at net.minecraft.world.item.crafting.ShapedRecipe.m_151278_(ShapedRecipe.java:291) ~[server-1.20.1-20230612.114412-srg.jar%23279!/:?]
	at net.minecraft.world.item.crafting.Ingredient.m_43919_(Ingredient.java:219) ~[server-1.20.1-20230612.114412-srg.jar%23279!/:?]
	at net.minecraftforge.common.crafting.VanillaIngredientSerializer.parse(VanillaIngredientSerializer.java:27) ~[forge-1.20.1-47.4.10-universal.jar%23284!/:?]
	at net.minecraftforge.common.crafting.CraftingHelper.getIngredient(CraftingHelper.java:148) ~[forge-1.20.1-47.4.10-universal.jar%23284!/:?]
	at net.minecraft.world.item.crafting.Ingredient.m_288218_(Ingredient.java:194) ~[server-1.20.1-20230612.114412-srg.jar%23279!/:?]
	at net.minecraft.world.item.crafting.ShapedRecipe.m_44210_(ShapedRecipe.java:278) ~[server-1.20.1-20230612.114412-srg.jar%23279!/:?]
	at net.minecraft.world.item.crafting.ShapedRecipe$Serializer.m_6729_(ShapedRecipe.java:306) ~[server-1.20.1-20230612.114412-srg.jar%23279!/:?]
	at net.minecraft.world.item.crafting.ShapedRecipe$Serializer.m_6729_(ShapedRecipe.java:301) ~[server-1.20.1-20230612.114412-srg.jar%23279!/:?]
	at net.minecraftforge.common.extensions.IForgeRecipeSerializer.fromJson(IForgeRecipeSerializer.java:23) ~[forge-1.20.1-47.4.10-universal.jar%23284!/:?]
	at net.minecraft.world.item.crafting.RecipeManager.fromJson(RecipeManager.java:171) ~[server-1.20.1-20230612.114412-srg.jar%23279!/:?]
	at net.minecraft.world.item.crafting.RecipeManager.m_5787_(RecipeManager.java:67) ~[server-1.20.1-20230612.114412-srg.jar%23279!/:?]
	at net.minecraft.world.item.crafting.RecipeManager.m_5787_(RecipeManager.java:34) ~[server-1.20.1-20230612.114412-srg.jar%23279!/:?]
	at net.minecraft.server.packs.resources.SimplePreparableReloadListener.m_10789_(SimplePreparableReloadListener.java:13) ~[server-1.20.1-20230612.114412-srg.jar%23279!/:?]
	at java.util.concurrent.CompletableFuture$UniAccept.tryFire(CompletableFuture.java:718) ~[?:?]
	at java.util.concurrent.CompletableFuture$Completion.run(CompletableFuture.java:482) ~[?:?]
	at net.minecraft.server.packs.resources.SimpleReloadInstance.m_143940_(SimpleReloadInstance.java:69) ~[server-1.20.1-20230612.114412-srg.jar%23279!/:?]
	at net.minecraft.Util.m_214652_(Util.java:783) ~[server-1.20.1-20230612.114412-srg.jar%23279!/:?]
	at net.minecraft.Util.m_214679_(Util.java:772) ~[server-1.20.1-20230612.114412-srg.jar%23279!/:?]
	at net.minecraft.server.Main.main(Main.java:166) ~[server-1.20.1-20230612.114412-srg.jar%23279!/:?]
	at jdk.internal.reflect.NativeMethodAccessorImpl.invoke0(Native Method) ~[?:?]
	at jdk.internal.reflect.NativeMethodAccessorImpl.invoke(NativeMethodAccessorImpl.java:77) ~[?:?]
	at jdk.internal.reflect.DelegatingMethodAccessorImpl.invoke(DelegatingMethodAccessorImpl.java:43) ~[?:?]
	at java.lang.reflect.Method.invoke(Method.java:569) ~[?:?]
	at net.minecraftforge.fml.loading.targets.CommonLaunchHandler.runTarget(CommonLaunchHandler.java:111) ~[fmlloader-1.20.1-47.4.10.jar%2369!/:?]
	at net.minecraftforge.fml.loading.targets.CommonLaunchHandler.serverService(CommonLaunchHandler.java:103) ~[fmlloader-1.20.1-47.4.10.jar%2369!/:?]
	at net.minecraftforge.fml.loading.targets.CommonServerLaunchHandler.lambda$makeService$0(CommonServerLaunchHandler.java:27) ~[fmlloader-1.20.1-47.4.10.jar%2369!/:?]
	at cpw.mods.modlauncher.LaunchServiceHandlerDecorator.launch(LaunchServiceHandlerDecorator.java:30) ~[modlauncher-10.0.9.jar%2355!/:?]
	at cpw.mods.modlauncher.LaunchServiceHandler.launch(LaunchServiceHandler.java:53) ~[modlauncher-10.0.9.jar%2355!/:?]
	at cpw.mods.modlauncher.LaunchServiceHandler.launch(LaunchServiceHandler.java:71) ~[modlauncher-10.0.9.jar%2355!/:?]
	at cpw.mods.modlauncher.Launcher.run(Launcher.java:108) ~[modlauncher-10.0.9.jar%2355!/:?]
	at cpw.mods.modlauncher.Launcher.main(Launcher.java:78) ~[modlauncher-10.0.9.jar%2355!/:?]
	at cpw.mods.modlauncher.BootstrapLaunchConsumer.accept(BootstrapLaunchConsumer.java:26) ~[modlauncher-10.0.9.jar%2355!/:?]
	at cpw.mods.modlauncher.BootstrapLaunchConsumer.accept(BootstrapLaunchConsumer.java:23) ~[modlauncher-10.0.9.jar%2355!/:?]
	at cpw.mods.bootstraplauncher.BootstrapLauncher.main(BootstrapLauncher.java:141) ~[bootstraplauncher-1.1.2.jar:?]
[22Jan2026 01:19:49.931] [main/INFO] [net.minecraft.world.item.crafting.RecipeManager/]: Skipping loading recipe vampirism:general/guidebook as it's serializer returned null
[22Jan2026 01:19:49.941] [main/ERROR] [net.minecraft.world.item.crafting.RecipeManager/]: Parsing error loading recipe uncraftable:tuff_golem_spawn_egg
com.google.gson.JsonSyntaxException: Unknown item 'friendsandfoes:tuff_golem_spawn_egg'
	at net.minecraftforge.common.crafting.CraftingHelper.getItem(CraftingHelper.java:160) ~[forge-1.20.1-47.4.10-universal.jar%23284!/:?]
	at net.minecraftforge.common.crafting.CraftingHelper.getItemStack(CraftingHelper.java:186) ~[forge-1.20.1-47.4.10-universal.jar%23284!/:?]
	at net.minecraft.world.item.crafting.ShapedRecipe.m_151274_(ShapedRecipe.java:286) ~[server-1.20.1-20230612.114412-srg.jar%23279!/:?]
	at net.minecraft.world.item.crafting.ShapedRecipe$Serializer.m_6729_(ShapedRecipe.java:311) ~[server-1.20.1-20230612.114412-srg.jar%23279!/:?]
	at net.minecraft.world.item.crafting.ShapedRecipe$Serializer.m_6729_(ShapedRecipe.java:301) ~[server-1.20.1-20230612.114412-srg.jar%23279!/:?]
	at net.minecraftforge.common.extensions.IForgeRecipeSerializer.fromJson(IForgeRecipeSerializer.java:23) ~[forge-1.20.1-47.4.10-universal.jar%23284!/:?]
	at net.minecraft.world.item.crafting.RecipeManager.fromJson(RecipeManager.java:171) ~[server-1.20.1-20230612.114412-srg.jar%23279!/:?]
	at net.minecraft.world.item.crafting.RecipeManager.m_5787_(RecipeManager.java:67) ~[server-1.20.1-20230612.114412-srg.jar%23279!/:?]
	at net.minecraft.world.item.crafting.RecipeManager.m_5787_(RecipeManager.java:34) ~[server-1.20.1-20230612.114412-srg.jar%23279!/:?]
	at net.minecraft.server.packs.resources.SimplePreparableReloadListener.m_10789_(SimplePreparableReloadListener.java:13) ~[server-1.20.1-20230612.114412-srg.jar%23279!/:?]
	at java.util.concurrent.CompletableFuture$UniAccept.tryFire(CompletableFuture.java:718) ~[?:?]
	at java.util.concurrent.CompletableFuture$Completion.run(CompletableFuture.java:482) ~[?:?]
	at net.minecraft.server.packs.resources.SimpleReloadInstance.m_143940_(SimpleReloadInstance.java:69) ~[server-1.20.1-20230612.114412-srg.jar%23279!/:?]
	at net.minecraft.Util.m_214652_(Util.java:783) ~[server-1.20.1-20230612.114412-srg.jar%23279!/:?]
	at net.minecraft.Util.m_214679_(Util.java:772) ~[server-1.20.1-20230612.114412-srg.jar%23279!/:?]
	at net.minecraft.server.Main.main(Main.java:166) ~[server-1.20.1-20230612.114412-srg.jar%23279!/:?]
	at jdk.internal.reflect.NativeMethodAccessorImpl.invoke0(Native Method) ~[?:?]
	at jdk.internal.reflect.NativeMethodAccessorImpl.invoke(NativeMethodAccessorImpl.java:77) ~[?:?]
	at jdk.internal.reflect.DelegatingMethodAccessorImpl.invoke(DelegatingMethodAccessorImpl.java:43) ~[?:?]
	at java.lang.reflect.Method.invoke(Method.java:569) ~[?:?]
	at net.minecraftforge.fml.loading.targets.CommonLaunchHandler.runTarget(CommonLaunchHandler.java:111) ~[fmlloader-1.20.1-47.4.10.jar%2369!/:?]
	at net.minecraftforge.fml.loading.targets.CommonLaunchHandler.serverService(CommonLaunchHandler.java:103) ~[fmlloader-1.20.1-47.4.10.jar%2369!/:?]
	at net.minecraftforge.fml.loading.targets.CommonServerLaunchHandler.lambda$makeService$0(CommonServerLaunchHandler.java:27) ~[fmlloader-1.20.1-47.4.10.jar%2369!/:?]
	at cpw.mods.modlauncher.LaunchServiceHandlerDecorator.launch(LaunchServiceHandlerDecorator.java:30) ~[modlauncher-10.0.9.jar%2355!/:?]
	at cpw.mods.modlauncher.LaunchServiceHandler.launch(LaunchServiceHandler.java:53) ~[modlauncher-10.0.9.jar%2355!/:?]
	at cpw.mods.modlauncher.LaunchServiceHandler.launch(LaunchServiceHandler.java:71) ~[modlauncher-10.0.9.jar%2355!/:?]
	at cpw.mods.modlauncher.Launcher.run(Launcher.java:108) ~[modlauncher-10.0.9.jar%2355!/:?]
	at cpw.mods.modlauncher.Launcher.main(Launcher.java:78) ~[modlauncher-10.0.9.jar%2355!/:?]
	at cpw.mods.modlauncher.BootstrapLaunchConsumer.accept(BootstrapLaunchConsumer.java:26) ~[modlauncher-10.0.9.jar%2355!/:?]
	at cpw.mods.modlauncher.BootstrapLaunchConsumer.accept(BootstrapLaunchConsumer.java:23) ~[modlauncher-10.0.9.jar%2355!/:?]
	at cpw.mods.bootstraplauncher.BootstrapLauncher.main(BootstrapLauncher.java:141) ~[bootstraplauncher-1.1.2.jar:?]
[22Jan2026 01:19:49.943] [main/INFO] [net.minecraft.world.item.crafting.RecipeManager/]: Loaded 19 recipes
[22Jan2026 01:19:49.944] [main/ERROR] [net.minecraft.server.ServerFunctionLibrary/]: Failed to load function watching:check
java.util.concurrent.CompletionException: java.lang.IllegalArgumentException: Whilst parsing command on line 1: Unknown or incomplete command, see below for error at position 0: <--[HERE]
	at java.util.concurrent.CompletableFuture.encodeThrowable(CompletableFuture.java:315) ~[?:?]
	at java.util.concurrent.CompletableFuture.completeThrowable(CompletableFuture.java:320) ~[?:?]
	at java.util.concurrent.CompletableFuture$AsyncSupply.run(CompletableFuture.java:1770) ~[?:?]
	at java.util.concurrent.CompletableFuture$AsyncSupply.exec(CompletableFuture.java:1760) ~[?:?]
	at java.util.concurrent.ForkJoinTask.doExec(ForkJoinTask.java:373) ~[?:?]
	at java.util.concurrent.ForkJoinPool$WorkQueue.topLevelExec(ForkJoinPool.java:1182) ~[?:?]
	at java.util.concurrent.ForkJoinPool.scan(ForkJoinPool.java:1655) ~[?:?]
	at java.util.concurrent.ForkJoinPool.runWorker(ForkJoinPool.java:1622) ~[?:?]
	at java.util.concurrent.ForkJoinWorkerThread.run(ForkJoinWorkerThread.java:165) ~[?:?]
Caused by: java.lang.IllegalArgumentException: Whilst parsing command on line 1: Unknown or incomplete command, see below for error at position 0: <--[HERE]
	at net.minecraft.commands.CommandFunction.m_77984_(CommandFunction.java:63) ~[server-1.20.1-20230612.114412-srg.jar%23279!/:?]
	at net.minecraft.server.ServerFunctionLibrary.m_214320_(ServerFunctionLibrary.java:83) ~[server-1.20.1-20230612.114412-srg.jar%23279!/:?]
	at java.util.concurrent.CompletableFuture$AsyncSupply.run(CompletableFuture.java:1768) ~[?:?]
	... 6 more
[22Jan2026 01:19:50.059] [main/ERROR] [net.minecraft.server.ServerAdvancementManager/]: Parsing error loading custom advancement legendary_monsters:defeat_ambusher: Expected item to be an item, was unknown string 'legendary_monsters:ancient_dripstone_shard'
[22Jan2026 01:19:50.096] [main/INFO] [net.minecraft.advancements.AdvancementList/]: Loaded 2791 advancements
[22Jan2026 01:19:50.105] [main/INFO] [placebo/]: Registered 26 additional recipes.
[22Jan2026 01:19:50.125] [main/INFO] [Fast Config API/]: Config 'compatible-containers-common.toml' was successfully loaded
[22Jan2026 01:19:50.159] [main/INFO] [top.theillusivec4.curios.Curios/]: Loaded 12 curio slots
[22Jan2026 01:19:50.165] [main/INFO] [top.theillusivec4.curios.Curios/]: Loaded 1 curio entities
[22Jan2026 01:19:50.254] [main/INFO] [bountiful/]: Trying to load unloaded files from: config/bountiful/bounty_pools
[22Jan2026 01:19:50.258] [main/INFO] [bountiful/]: Trying to load unloaded files from: config/bountiful/bounty_decrees
[22Jan2026 01:19:50.267] [main/INFO] [de.teamlapen.vampirism.entity.player.skills.SkillTree/]: Loaded 53 skill nodes
[22Jan2026 01:19:50.271] [main/INFO] [de.teamlapen.vampirism.entity.converted.VampirismEntityRegistry/]: Registered 14 convertibles
[22Jan2026 01:19:50.284] [main/INFO] [placebo/]: Registered 20 gear_sets.
[22Jan2026 01:19:50.317] [main/INFO] [Gateways to Eternity/]: Registered 7 gateways.
[22Jan2026 01:19:50.319] [main/INFO] [Apotheosis : Enchantment/]: Registered 29 enchanting_stats.
[22Jan2026 01:19:50.321] [main/INFO] [Apotheosis : Adventure/]: Registered 6 rarities.
[22Jan2026 01:19:50.336] [main/INFO] [Apotheosis : Adventure/]: Registered 81 affixes.
[22Jan2026 01:19:50.343] [main/WARN] [Apotheosis : Adventure/]: Insufficient number of affixes to satisfy the loot rules (ignoring backup rules) of rarity apotheosis:mythic for category helmetRequired: 3; Provided: 2
[22Jan2026 01:19:50.343] [main/WARN] [Apotheosis : Adventure/]: Insufficient number of affixes to satisfy the loot rules (ignoring backup rules) of rarity apotheosis:mythic for category bootsRequired: 3; Provided: 2
[22Jan2026 01:19:50.345] [main/WARN] [Apotheosis : Adventure/]: Insufficient number of affixes to satisfy the loot rules (ignoring backup rules) of rarity apotheosis:ancient for category helmetRequired: 4; Provided: 2
[22Jan2026 01:19:50.345] [main/WARN] [Apotheosis : Adventure/]: Insufficient number of affixes to satisfy the loot rules (ignoring backup rules) of rarity apotheosis:ancient for category bootsRequired: 4; Provided: 2
[22Jan2026 01:19:50.345] [main/WARN] [Apotheosis : Adventure/]: Insufficient number of affixes to satisfy the loot rules (ignoring backup rules) of rarity apotheosis:ancient for category bowRequired: 5; Provided: 4
[22Jan2026 01:19:50.345] [main/WARN] [Apotheosis : Adventure/]: Insufficient number of affixes to satisfy the loot rules (ignoring backup rules) of rarity apotheosis:ancient for category crossbowRequired: 5; Provided: 4
[22Jan2026 01:19:50.346] [main/WARN] [Apotheosis : Adventure/]: Insufficient number of affixes to satisfy the loot rules (ignoring backup rules) of rarity apotheosis:ancient for category pickaxeRequired: 5; Provided: 4
[22Jan2026 01:19:50.346] [main/WARN] [Apotheosis : Adventure/]: Insufficient number of affixes to satisfy the loot rules (ignoring backup rules) of rarity apotheosis:ancient for category shovelRequired: 5; Provided: 4
[22Jan2026 01:19:50.346] [main/WARN] [Apotheosis : Adventure/]: Insufficient number of affixes to satisfy the loot rules (ignoring backup rules) of rarity apotheosis:ancient for category shieldRequired: 5; Provided: 4
[22Jan2026 01:19:50.358] [main/INFO] [Apotheosis : Adventure/]: Registered 19 gems.
[22Jan2026 01:19:50.366] [main/INFO] [Apotheosis : Adventure/]: Registered 67 affix_loot_entries.
[22Jan2026 01:19:50.375] [main/INFO] [Apotheosis : Adventure/]: Registered 17 bosses.
[22Jan2026 01:19:50.382] [main/INFO] [Apotheosis : Adventure/]: Registered 8 rogue_spawners.
[22Jan2026 01:19:50.384] [main/INFO] [Apotheosis : Adventure/]: Registered 5 minibosses.
[22Jan2026 01:19:50.390] [main/INFO] [Apotheosis : Village/]: Registered 28 wanderer_trades.
[22Jan2026 01:19:52.271] [Server thread/INFO] [net.minecraft.server.dedicated.DedicatedServer/]: Starting minecraft server version 1.20.1
[22Jan2026 01:19:52.271] [Server thread/INFO] [net.minecraft.server.dedicated.DedicatedServer/]: Loading properties
[22Jan2026 01:19:52.271] [Server thread/INFO] [net.minecraft.server.dedicated.DedicatedServer/]: Default game type: SURVIVAL
[22Jan2026 01:19:52.271] [Server thread/INFO] [net.minecraft.server.MinecraftServer/]: Generating keypair
[22Jan2026 01:19:52.405] [Server thread/INFO] [net.minecraft.server.dedicated.DedicatedServer/]: Starting Minecraft server on *:25565
[22Jan2026 01:19:52.431] [Server thread/INFO] [net.minecraft.server.network.ServerConnectionListener/]: Using epoll channel type
[22Jan2026 01:19:52.507] [Server thread/WARN] [net.minecraft.server.dedicated.DedicatedServer/]: **** SERVER IS RUNNING IN OFFLINE/INSECURE MODE!
[22Jan2026 01:19:52.507] [Server thread/WARN] [net.minecraft.server.dedicated.DedicatedServer/]: The server will make no attempt to authenticate usernames. Beware.
[22Jan2026 01:19:52.507] [Server thread/WARN] [net.minecraft.server.dedicated.DedicatedServer/]: While this makes the game possible to play without internet access, it also opens up the ability for hackers to connect with any username they choose.
[22Jan2026 01:19:52.508] [Server thread/WARN] [net.minecraft.server.dedicated.DedicatedServer/]: To change this, set "online-mode" to "true" in the server.properties file.
[22Jan2026 01:19:52.534] [Thread-5/INFO] [de.cadentem.goat_man.GoatMan/]: Server configuration has been reloaded
[22Jan2026 01:19:52.535] [Thread-5/INFO] [de.cadentem.goat_man.GoatMan/]: Server configuration has been reloaded
[22Jan2026 01:19:52.677] [Server thread/INFO] [Explorations/]: Config 'explorations.json' was successfully loaded.
[22Jan2026 01:19:52.679] [Server thread/INFO] [Explorations/]: Added statues to vanilla villages
[22Jan2026 01:19:52.710] [Server thread/INFO] [net.minecraft.server.dedicated.DedicatedServer/]: Preparing level "world"
[22Jan2026 01:19:53.591] [Server thread/INFO] [de.teamlapen.vampirism.GeneralEventHandler/]: Replacing DistanceManager.chunksToUpdateFutures for level ResourceKey[minecraft:dimension / minecraft:overworld] with concurrent set.
[22Jan2026 01:20:01.099] [Server thread/INFO] [de.teamlapen.vampirism.GeneralEventHandler/]: Replacing DistanceManager.chunksToUpdateFutures for level ResourceKey[minecraft:dimension / minecraft:the_end] with concurrent set.
[22Jan2026 01:20:01.108] [Server thread/INFO] [de.teamlapen.vampirism.GeneralEventHandler/]: Replacing DistanceManager.chunksToUpdateFutures for level ResourceKey[minecraft:dimension / minecraft:the_nether] with concurrent set.
[22Jan2026 01:20:01.112] [Server thread/INFO] [net.minecraft.server.MinecraftServer/]: Preparing start region for dimension minecraft:overworld
[22Jan2026 01:20:04.400] [Worker-Main-5/INFO] [net.minecraft.server.level.progress.LoggerChunkProgressListener/]: Preparing spawn area: 0%
[22Jan2026 01:20:04.402] [Worker-Main-5/INFO] [net.minecraft.server.level.progress.LoggerChunkProgressListener/]: Preparing spawn area: 0%
[22Jan2026 01:20:04.403] [Worker-Main-5/INFO] [net.minecraft.server.level.progress.LoggerChunkProgressListener/]: Preparing spawn area: 0%
[22Jan2026 01:20:04.404] [Worker-Main-5/INFO] [net.minecraft.server.level.progress.LoggerChunkProgressListener/]: Preparing spawn area: 0%
[22Jan2026 01:20:04.405] [Worker-Main-3/INFO] [net.minecraft.server.level.progress.LoggerChunkProgressListener/]: Preparing spawn area: 0%
[22Jan2026 01:20:04.408] [Worker-Main-3/INFO] [net.minecraft.server.level.progress.LoggerChunkProgressListener/]: Preparing spawn area: 0%
[22Jan2026 01:20:04.410] [Worker-Main-3/INFO] [net.minecraft.server.level.progress.LoggerChunkProgressListener/]: Preparing spawn area: 0%
[22Jan2026 01:20:04.768] [Worker-Main-3/INFO] [net.minecraft.server.level.progress.LoggerChunkProgressListener/]: Preparing spawn area: 0%
[22Jan2026 01:20:05.143] [Worker-Main-5/INFO] [net.minecraft.server.level.progress.LoggerChunkProgressListener/]: Preparing spawn area: 0%
[22Jan2026 01:20:05.903] [Worker-Main-5/INFO] [net.minecraft.server.level.progress.LoggerChunkProgressListener/]: Preparing spawn area: 0%
[22Jan2026 01:20:06.114] [Worker-Main-3/INFO] [net.minecraft.server.level.progress.LoggerChunkProgressListener/]: Preparing spawn area: 0%
[22Jan2026 01:20:06.616] [Worker-Main-4/INFO] [net.minecraft.server.level.progress.LoggerChunkProgressListener/]: Preparing spawn area: 0%
[22Jan2026 01:20:07.120] [Worker-Main-5/INFO] [net.minecraft.server.level.progress.LoggerChunkProgressListener/]: Preparing spawn area: 4%
[22Jan2026 01:20:07.613] [Worker-Main-5/INFO] [net.minecraft.server.level.progress.LoggerChunkProgressListener/]: Preparing spawn area: 40%
[22Jan2026 01:20:08.030] [Server thread/INFO] [net.minecraft.server.level.progress.LoggerChunkProgressListener/]: Time elapsed: 6918 ms
[22Jan2026 01:20:08.031] [Server thread/INFO] [net.minecraft.server.dedicated.DedicatedServer/]: Done (15.509s)! For help, type "help"
[22Jan2026 01:20:08.120] [Server thread/INFO] [net.minecraftforge.server.permission.PermissionAPI/]: Successfully initialized permission handler forge:default_handler
[22Jan2026 01:20:08.153] [Server thread/INFO] [bountiful/]: Registering Bounty Board Jigsaw Piece for Village Type: plains
[22Jan2026 01:20:08.155] [Server thread/INFO] [bountiful/]: Registering Bounty Board Jigsaw Piece for Village Type: savanna
[22Jan2026 01:20:08.155] [Server thread/INFO] [bountiful/]: Registering Bounty Board Jigsaw Piece for Village Type: snowy
[22Jan2026 01:20:08.155] [Server thread/INFO] [bountiful/]: Registering Bounty Board Jigsaw Piece for Village Type: taiga
[22Jan2026 01:20:08.155] [Server thread/INFO] [bountiful/]: Registering Bounty Board Jigsaw Piece for Village Type: desert
[22Jan2026 01:20:08.207] [Server thread/INFO] [net.bettercombat.logic.WeaponRegistry/]: Encoded Weapon Attribute registry size: 58136 bytes (uncompressed), 2700 bytes (compressed), compression ratio: 95.4% (in 1 string chunks with the size of 10000)
[22Jan2026 01:20:08.210] [Server thread/INFO] [patchouli/]: Sending reload packet to clients
[22Jan2026 01:20:08.374] [Server thread/INFO] [dev.corgitaco.enhancedcelestials.EnhancedCelestials/]: Possible lunar events for dimension "minecraft:overworld" are [enhancedcelestials:harvest_moon, enhancedcelestials:super_blue_moon, enhancedcelestials:super_blood_moon, enhancedcelestials:super_harvest_moon, enhancedcelestials:blue_moon, enhancedcelestials:blood_moon, enhancedcelestials:super_moon].
[22Jan2026 01:20:20.238] [Server thread/INFO] [net.minecraft.server.players.PlayerList/]: MitsukiRev[/127.110.241.89:41131] logged in with entity id 596 at (840.0082372108021, 65.0, -710.903145380096)
[22Jan2026 01:20:20.320] [Server thread/INFO] [net.minecraft.server.MinecraftServer/]: MitsukiRev joined the game
[22Jan2026 01:20:20.402] [Server thread/INFO] [Jade/]: Syncing config to MitsukiRev (f0f3f34a-505f-3941-9a3d-61962830772c)
[22Jan2026 01:20:22.709] [Server thread/WARN] [net.minecraft.server.MinecraftServer/]: Can't keep up! Is the server overloaded? Running 2498ms or 49 ticks behind
[22Jan2026 01:20:27.661] [Server thread/WARN] [net.minecraft.world.level.entity.PersistentEntitySectionManager/]: UUID of added entity already exists: EntityCrow['Crow'/1096, l='ServerLevel[world]', x=778.50, y=77.62, z=-559.89]
[22Jan2026 01:20:30.514] [Server thread/INFO] [net.minecraft.server.players.PlayerList/]: JhosuaG[/127.160.87.224:58937] logged in with entity id 1180 at (969.6999999880791, 104.875, -799.6447637101242)
[22Jan2026 01:20:30.586] [Server thread/INFO] [net.minecraft.server.MinecraftServer/]: JhosuaG joined the game
[22Jan2026 01:20:30.671] [Server thread/INFO] [Jade/]: Syncing config to JhosuaG (1511982c-48ac-3ccf-b9d0-01a44d145d89)
[22Jan2026 01:20:36.313] [Server thread/INFO] [net.minecraft.server.players.PlayerList/]: greronic[/127.164.51.18:60315] logged in with entity id 1284 at (966.4331928137167, -15.0, -845.6999999880791)
[22Jan2026 01:20:36.336] [Server thread/INFO] [net.minecraft.server.MinecraftServer/]: greronic joined the game
[22Jan2026 01:20:36.400] [Server thread/INFO] [Jade/]: Syncing config to greronic (ce1c0d66-cf69-3c21-9478-9d5113bd5b05)
[22Jan2026 01:21:23.870] [Server thread/WARN] [net.minecraft.world.level.entity.PersistentEntitySectionManager/]: UUID of added entity already exists: EntityCrow['Crow'/1527, l='ServerLevel[world]', x=634.38, y=67.00, z=-709.38]
[22Jan2026 01:21:23.870] [Server thread/WARN] [net.minecraft.world.level.entity.PersistentEntitySectionManager/]: UUID of added entity already exists: EntityCrow['Crow'/1528, l='ServerLevel[world]', x=639.90, y=72.18, z=-709.44]
[22Jan2026 01:21:29.644] [Server thread/WARN] [net.minecraft.server.network.ServerGamePacketListenerImpl/]: MitsukiRev moved too quickly! -9.76137567583362,2.4384728493288605,1.7505009716522864
[22Jan2026 01:21:29.809] [Server thread/WARN] [net.minecraft.world.level.entity.PersistentEntitySectionManager/]: UUID of added entity already exists: EntityCrow['Crow'/1604, l='ServerLevel[world]', x=607.83, y=66.07, z=-813.24]
[22Jan2026 01:23:16.038] [Server thread/WARN] [net.minecraft.server.network.ServerGamePacketListenerImpl/]: MitsukiRev moved too quickly! 5.992655672297815,0.7531999805212024,8.209913145949713
[22Jan2026 01:23:46.840] [Server thread/WARN] [tombstone/]: The death event of the player MitsukiRev was canceled by another mod
[22Jan2026 01:23:46.845] [Server thread/INFO] [tombstone/]: The player MitsukiRev has successfully been saved
[22Jan2026 01:23:50.832] [Server thread/INFO] [net.minecraft.server.MinecraftServer/]: MitsukiRev did not like the sun
[22Jan2026 01:23:52.787] [Server thread/WARN] [de.teamlapen.vampirism.entity.player.vampire.VampirePlayer/]: Cannot get Vampire player capability. This might break mod functionality.
java.lang.Throwable: null
	at de.teamlapen.vampirism.entity.player.vampire.VampirePlayer.getOpt(VampirePlayer.java:142) ~[Vampirism-1.20.1-1.10.13.jar%23263!/:1.20.1-1.10.13]
	at de.teamlapen.vampirism.entity.ModEntityEventHandler.onEntityEquipmentChange(ModEntityEventHandler.java:122) ~[Vampirism-1.20.1-1.10.13.jar%23263!/:1.20.1-1.10.13]
	at de.teamlapen.vampirism.entity.__ModEntityEventHandler_onEntityEquipmentChange_LivingEquipmentChangeEvent.invoke(.dynamic) ~[Vampirism-1.20.1-1.10.13.jar%23263!/:1.20.1-1.10.13]
	at net.minecraftforge.eventbus.ASMEventHandler.invoke(ASMEventHandler.java:73) ~[eventbus-6.0.5.jar%2352!/:?]
	at net.minecraftforge.eventbus.EventBus.post(EventBus.java:315) ~[eventbus-6.0.5.jar%2352!/:?]
	at net.minecraftforge.eventbus.EventBus.post(EventBus.java:296) ~[eventbus-6.0.5.jar%2352!/:?]
	at net.minecraft.world.entity.LivingEntity.m_21319_(LivingEntity.java:2410) ~[server-1.20.1-20230612.114412-srg.jar%23279!/:?]
	at net.minecraft.world.entity.LivingEntity.m_21315_(LivingEntity.java:2381) ~[server-1.20.1-20230612.114412-srg.jar%23279!/:?]
	at net.minecraft.world.entity.LivingEntity.m_8119_(LivingEntity.java:2287) ~[server-1.20.1-20230612.114412-srg.jar%23279!/:?]
	at net.minecraft.world.entity.player.Player.m_8119_(Player.java:241) ~[server-1.20.1-20230612.114412-srg.jar%23279!/:?]
	at net.minecraft.server.level.ServerPlayer.m_9240_(ServerPlayer.java:467) ~[server-1.20.1-20230612.114412-srg.jar%23279!/:?]
	at net.minecraft.server.network.ServerGamePacketListenerImpl.m_9933_(ServerGamePacketListenerImpl.java:262) ~[server-1.20.1-20230612.114412-srg.jar%23279!/:?]
	at net.minecraft.network.Connection.m_129483_(Connection.java:263) ~[server-1.20.1-20230612.114412-srg.jar%23279!/:?]
	at net.minecraft.server.network.ServerConnectionListener.m_9721_(ServerConnectionListener.java:142) ~[server-1.20.1-20230612.114412-srg.jar%23279!/:?]
	at net.minecraft.server.MinecraftServer.m_5703_(MinecraftServer.java:907) ~[server-1.20.1-20230612.114412-srg.jar%23279!/:?]
	at net.minecraft.server.dedicated.DedicatedServer.m_5703_(DedicatedServer.java:283) ~[server-1.20.1-20230612.114412-srg.jar%23279!/:?]
	at net.minecraft.server.MinecraftServer.m_5705_(MinecraftServer.java:814) ~[server-1.20.1-20230612.114412-srg.jar%23279!/:?]
	at net.minecraft.server.MinecraftServer.m_130011_(MinecraftServer.java:661) ~[server-1.20.1-20230612.114412-srg.jar%23279!/:?]
	at net.minecraft.server.MinecraftServer.m_206580_(MinecraftServer.java:251) ~[server-1.20.1-20230612.114412-srg.jar%23279!/:?]
	at java.lang.Thread.run(Thread.java:840) ~[?:?]
[22Jan2026 01:23:52.788] [Server thread/WARN] [de.teamlapen.vampirism.entity.player.vampire.VampirePlayer/]: Cannot get Vampire player capability. This might break mod functionality.
java.lang.Throwable: null
	at de.teamlapen.vampirism.entity.player.vampire.VampirePlayer.getOpt(VampirePlayer.java:142) ~[Vampirism-1.20.1-1.10.13.jar%23263!/:1.20.1-1.10.13]
	at de.teamlapen.vampirism.entity.ModEntityEventHandler.onEntityEquipmentChange(ModEntityEventHandler.java:122) ~[Vampirism-1.20.1-1.10.13.jar%23263!/:1.20.1-1.10.13]
	at de.teamlapen.vampirism.entity.__ModEntityEventHandler_onEntityEquipmentChange_LivingEquipmentChangeEvent.invoke(.dynamic) ~[Vampirism-1.20.1-1.10.13.jar%23263!/:1.20.1-1.10.13]
	at net.minecraftforge.eventbus.ASMEventHandler.invoke(ASMEventHandler.java:73) ~[eventbus-6.0.5.jar%2352!/:?]
	at net.minecraftforge.eventbus.EventBus.post(EventBus.java:315) ~[eventbus-6.0.5.jar%2352!/:?]
	at net.minecraftforge.eventbus.EventBus.post(EventBus.java:296) ~[eventbus-6.0.5.jar%2352!/:?]
	at net.minecraft.world.entity.LivingEntity.m_21319_(LivingEntity.java:2410) ~[server-1.20.1-20230612.114412-srg.jar%23279!/:?]
	at net.minecraft.world.entity.LivingEntity.m_21315_(LivingEntity.java:2381) ~[server-1.20.1-20230612.114412-srg.jar%23279!/:?]
	at net.minecraft.world.entity.LivingEntity.m_8119_(LivingEntity.java:2287) ~[server-1.20.1-20230612.114412-srg.jar%23279!/:?]
	at net.minecraft.world.entity.player.Player.m_8119_(Player.java:241) ~[server-1.20.1-20230612.114412-srg.jar%23279!/:?]
	at net.minecraft.server.level.ServerPlayer.m_9240_(ServerPlayer.java:467) ~[server-1.20.1-20230612.114412-srg.jar%23279!/:?]
	at net.minecraft.server.network.ServerGamePacketListenerImpl.m_9933_(ServerGamePacketListenerImpl.java:262) ~[server-1.20.1-20230612.114412-srg.jar%23279!/:?]
	at net.minecraft.network.Connection.m_129483_(Connection.java:263) ~[server-1.20.1-20230612.114412-srg.jar%23279!/:?]
	at net.minecraft.server.network.ServerConnectionListener.m_9721_(ServerConnectionListener.java:142) ~[server-1.20.1-20230612.114412-srg.jar%23279!/:?]
	at net.minecraft.server.MinecraftServer.m_5703_(MinecraftServer.java:907) ~[server-1.20.1-20230612.114412-srg.jar%23279!/:?]
	at net.minecraft.server.dedicated.DedicatedServer.m_5703_(DedicatedServer.java:283) ~[server-1.20.1-20230612.114412-srg.jar%23279!/:?]
	at net.minecraft.server.MinecraftServer.m_5705_(MinecraftServer.java:814) ~[server-1.20.1-20230612.114412-srg.jar%23279!/:?]
	at net.minecraft.server.MinecraftServer.m_130011_(MinecraftServer.java:661) ~[server-1.20.1-20230612.114412-srg.jar%23279!/:?]
	at net.minecraft.server.MinecraftServer.m_206580_(MinecraftServer.java:251) ~[server-1.20.1-20230612.114412-srg.jar%23279!/:?]
	at java.lang.Thread.run(Thread.java:840) ~[?:?]
[22Jan2026 01:23:52.789] [Server thread/WARN] [de.teamlapen.vampirism.entity.player.vampire.VampirePlayer/]: Cannot get Vampire player capability. This might break mod functionality.
java.lang.Throwable: null
	at de.teamlapen.vampirism.entity.player.vampire.VampirePlayer.getOpt(VampirePlayer.java:142) ~[Vampirism-1.20.1-1.10.13.jar%23263!/:1.20.1-1.10.13]
	at de.teamlapen.vampirism.entity.ModEntityEventHandler.onEntityEquipmentChange(ModEntityEventHandler.java:122) ~[Vampirism-1.20.1-1.10.13.jar%23263!/:1.20.1-1.10.13]
	at de.teamlapen.vampirism.entity.__ModEntityEventHandler_onEntityEquipmentChange_LivingEquipmentChangeEvent.invoke(.dynamic) ~[Vampirism-1.20.1-1.10.13.jar%23263!/:1.20.1-1.10.13]
	at net.minecraftforge.eventbus.ASMEventHandler.invoke(ASMEventHandler.java:73) ~[eventbus-6.0.5.jar%2352!/:?]
	at net.minecraftforge.eventbus.EventBus.post(EventBus.java:315) ~[eventbus-6.0.5.jar%2352!/:?]
	at net.minecraftforge.eventbus.EventBus.post(EventBus.java:296) ~[eventbus-6.0.5.jar%2352!/:?]
	at net.minecraft.world.entity.LivingEntity.m_21319_(LivingEntity.java:2410) ~[server-1.20.1-20230612.114412-srg.jar%23279!/:?]
	at net.minecraft.world.entity.LivingEntity.m_21315_(LivingEntity.java:2381) ~[server-1.20.1-20230612.114412-srg.jar%23279!/:?]
	at net.minecraft.world.entity.LivingEntity.m_8119_(LivingEntity.java:2287) ~[server-1.20.1-20230612.114412-srg.jar%23279!/:?]
	at net.minecraft.world.entity.player.Player.m_8119_(Player.java:241) ~[server-1.20.1-20230612.114412-srg.jar%23279!/:?]
	at net.minecraft.server.level.ServerPlayer.m_9240_(ServerPlayer.java:467) ~[server-1.20.1-20230612.114412-srg.jar%23279!/:?]
	at net.minecraft.server.network.ServerGamePacketListenerImpl.m_9933_(ServerGamePacketListenerImpl.java:262) ~[server-1.20.1-20230612.114412-srg.jar%23279!/:?]
	at net.minecraft.network.Connection.m_129483_(Connection.java:263) ~[server-1.20.1-20230612.114412-srg.jar%23279!/:?]
	at net.minecraft.server.network.ServerConnectionListener.m_9721_(ServerConnectionListener.java:142) ~[server-1.20.1-20230612.114412-srg.jar%23279!/:?]
	at net.minecraft.server.MinecraftServer.m_5703_(MinecraftServer.java:907) ~[server-1.20.1-20230612.114412-srg.jar%23279!/:?]
	at net.minecraft.server.dedicated.DedicatedServer.m_5703_(DedicatedServer.java:283) ~[server-1.20.1-20230612.114412-srg.jar%23279!/:?]
	at net.minecraft.server.MinecraftServer.m_5705_(MinecraftServer.java:814) ~[server-1.20.1-20230612.114412-srg.jar%23279!/:?]
	at net.minecraft.server.MinecraftServer.m_130011_(MinecraftServer.java:661) ~[server-1.20.1-20230612.114412-srg.jar%23279!/:?]
	at net.minecraft.server.MinecraftServer.m_206580_(MinecraftServer.java:251) ~[server-1.20.1-20230612.114412-srg.jar%23279!/:?]
	at java.lang.Thread.run(Thread.java:840) ~[?:?]
[22Jan2026 01:23:52.791] [Server thread/WARN] [de.teamlapen.vampirism.entity.player.vampire.VampirePlayer/]: Cannot get Vampire player capability. This might break mod functionality.
java.lang.Throwable: null
	at de.teamlapen.vampirism.entity.player.vampire.VampirePlayer.getOpt(VampirePlayer.java:142) ~[Vampirism-1.20.1-1.10.13.jar%23263!/:1.20.1-1.10.13]
	at de.teamlapen.vampirism.entity.ModEntityEventHandler.onEntityEquipmentChange(ModEntityEventHandler.java:122) ~[Vampirism-1.20.1-1.10.13.jar%23263!/:1.20.1-1.10.13]
	at de.teamlapen.vampirism.entity.__ModEntityEventHandler_onEntityEquipmentChange_LivingEquipmentChangeEvent.invoke(.dynamic) ~[Vampirism-1.20.1-1.10.13.jar%23263!/:1.20.1-1.10.13]
	at net.minecraftforge.eventbus.ASMEventHandler.invoke(ASMEventHandler.java:73) ~[eventbus-6.0.5.jar%2352!/:?]
	at net.minecraftforge.eventbus.EventBus.post(EventBus.java:315) ~[eventbus-6.0.5.jar%2352!/:?]
	at net.minecraftforge.eventbus.EventBus.post(EventBus.java:296) ~[eventbus-6.0.5.jar%2352!/:?]
	at net.minecraft.world.entity.LivingEntity.m_21319_(LivingEntity.java:2410) ~[server-1.20.1-20230612.114412-srg.jar%23279!/:?]
	at net.minecraft.world.entity.LivingEntity.m_21315_(LivingEntity.java:2381) ~[server-1.20.1-20230612.114412-srg.jar%23279!/:?]
	at net.minecraft.world.entity.LivingEntity.m_8119_(LivingEntity.java:2287) ~[server-1.20.1-20230612.114412-srg.jar%23279!/:?]
	at net.minecraft.world.entity.player.Player.m_8119_(Player.java:241) ~[server-1.20.1-20230612.114412-srg.jar%23279!/:?]
	at net.minecraft.server.level.ServerPlayer.m_9240_(ServerPlayer.java:467) ~[server-1.20.1-20230612.114412-srg.jar%23279!/:?]
	at net.minecraft.server.network.ServerGamePacketListenerImpl.m_9933_(ServerGamePacketListenerImpl.java:262) ~[server-1.20.1-20230612.114412-srg.jar%23279!/:?]
	at net.minecraft.network.Connection.m_129483_(Connection.java:263) ~[server-1.20.1-20230612.114412-srg.jar%23279!/:?]
	at net.minecraft.server.network.ServerConnectionListener.m_9721_(ServerConnectionListener.java:142) ~[server-1.20.1-20230612.114412-srg.jar%23279!/:?]
	at net.minecraft.server.MinecraftServer.m_5703_(MinecraftServer.java:907) ~[server-1.20.1-20230612.114412-srg.jar%23279!/:?]
	at net.minecraft.server.dedicated.DedicatedServer.m_5703_(DedicatedServer.java:283) ~[server-1.20.1-20230612.114412-srg.jar%23279!/:?]
	at net.minecraft.server.MinecraftServer.m_5705_(MinecraftServer.java:814) ~[server-1.20.1-20230612.114412-srg.jar%23279!/:?]
	at net.minecraft.server.MinecraftServer.m_130011_(MinecraftServer.java:661) ~[server-1.20.1-20230612.114412-srg.jar%23279!/:?]
	at net.minecraft.server.MinecraftServer.m_206580_(MinecraftServer.java:251) ~[server-1.20.1-20230612.114412-srg.jar%23279!/:?]
	at java.lang.Thread.run(Thread.java:840) ~[?:?]
[22Jan2026 01:23:52.793] [Server thread/INFO] [tombstone/]: The player MitsukiRev has successfully been saved
[22Jan2026 01:25:08.362] [Server thread/WARN] [net.minecraft.server.network.ServerGamePacketListenerImpl/]: MitsukiRev moved too quickly! 8.677959739895982,0.41999998688697815,-5.6278481315873705
[22Jan2026 01:25:18.331] [Server thread/WARN] [tombstone/]: The death event of the player MitsukiRev was canceled by another mod
[22Jan2026 01:25:18.335] [Server thread/INFO] [tombstone/]: The player MitsukiRev has successfully been saved
[22Jan2026 01:25:22.328] [Server thread/INFO] [net.minecraft.server.MinecraftServer/]: MitsukiRev did not like the sun
[22Jan2026 01:25:22.937] [Server thread/WARN] [de.teamlapen.vampirism.entity.player.vampire.VampirePlayer/]: Cannot get Vampire player capability. This might break mod functionality.
java.lang.Throwable: null
	at de.teamlapen.vampirism.entity.player.vampire.VampirePlayer.getOpt(VampirePlayer.java:142) ~[Vampirism-1.20.1-1.10.13.jar%23263!/:1.20.1-1.10.13]
	at de.teamlapen.vampirism.entity.ModEntityEventHandler.onEntityEquipmentChange(ModEntityEventHandler.java:122) ~[Vampirism-1.20.1-1.10.13.jar%23263!/:1.20.1-1.10.13]
	at de.teamlapen.vampirism.entity.__ModEntityEventHandler_onEntityEquipmentChange_LivingEquipmentChangeEvent.invoke(.dynamic) ~[Vampirism-1.20.1-1.10.13.jar%23263!/:1.20.1-1.10.13]
	at net.minecraftforge.eventbus.ASMEventHandler.invoke(ASMEventHandler.java:73) ~[eventbus-6.0.5.jar%2352!/:?]
	at net.minecraftforge.eventbus.EventBus.post(EventBus.java:315) ~[eventbus-6.0.5.jar%2352!/:?]
	at net.minecraftforge.eventbus.EventBus.post(EventBus.java:296) ~[eventbus-6.0.5.jar%2352!/:?]
	at net.minecraft.world.entity.LivingEntity.m_21319_(LivingEntity.java:2410) ~[server-1.20.1-20230612.114412-srg.jar%23279!/:?]
	at net.minecraft.world.entity.LivingEntity.m_21315_(LivingEntity.java:2381) ~[server-1.20.1-20230612.114412-srg.jar%23279!/:?]
	at net.minecraft.world.entity.LivingEntity.m_8119_(LivingEntity.java:2287) ~[server-1.20.1-20230612.114412-srg.jar%23279!/:?]
	at net.minecraft.world.entity.player.Player.m_8119_(Player.java:241) ~[server-1.20.1-20230612.114412-srg.jar%23279!/:?]
	at net.minecraft.server.level.ServerPlayer.m_9240_(ServerPlayer.java:467) ~[server-1.20.1-20230612.114412-srg.jar%23279!/:?]
	at net.minecraft.server.network.ServerGamePacketListenerImpl.m_9933_(ServerGamePacketListenerImpl.java:262) ~[server-1.20.1-20230612.114412-srg.jar%23279!/:?]
	at net.minecraft.network.Connection.m_129483_(Connection.java:263) ~[server-1.20.1-20230612.114412-srg.jar%23279!/:?]
	at net.minecraft.server.network.ServerConnectionListener.m_9721_(ServerConnectionListener.java:142) ~[server-1.20.1-20230612.114412-srg.jar%23279!/:?]
	at net.minecraft.server.MinecraftServer.m_5703_(MinecraftServer.java:907) ~[server-1.20.1-20230612.114412-srg.jar%23279!/:?]
	at net.minecraft.server.dedicated.DedicatedServer.m_5703_(DedicatedServer.java:283) ~[server-1.20.1-20230612.114412-srg.jar%23279!/:?]
	at net.minecraft.server.MinecraftServer.m_5705_(MinecraftServer.java:814) ~[server-1.20.1-20230612.114412-srg.jar%23279!/:?]
	at net.minecraft.server.MinecraftServer.m_130011_(MinecraftServer.java:661) ~[server-1.20.1-20230612.114412-srg.jar%23279!/:?]
	at net.minecraft.server.MinecraftServer.m_206580_(MinecraftServer.java:251) ~[server-1.20.1-20230612.114412-srg.jar%23279!/:?]
	at java.lang.Thread.run(Thread.java:840) ~[?:?]
[22Jan2026 01:25:22.939] [Server thread/WARN] [de.teamlapen.vampirism.entity.player.vampire.VampirePlayer/]: Cannot get Vampire player capability. This might break mod functionality.
java.lang.Throwable: null
	at de.teamlapen.vampirism.entity.player.vampire.VampirePlayer.getOpt(VampirePlayer.java:142) ~[Vampirism-1.20.1-1.10.13.jar%23263!/:1.20.1-1.10.13]
	at de.teamlapen.vampirism.entity.ModEntityEventHandler.onEntityEquipmentChange(ModEntityEventHandler.java:122) ~[Vampirism-1.20.1-1.10.13.jar%23263!/:1.20.1-1.10.13]
	at de.teamlapen.vampirism.entity.__ModEntityEventHandler_onEntityEquipmentChange_LivingEquipmentChangeEvent.invoke(.dynamic) ~[Vampirism-1.20.1-1.10.13.jar%23263!/:1.20.1-1.10.13]
	at net.minecraftforge.eventbus.ASMEventHandler.invoke(ASMEventHandler.java:73) ~[eventbus-6.0.5.jar%2352!/:?]
	at net.minecraftforge.eventbus.EventBus.post(EventBus.java:315) ~[eventbus-6.0.5.jar%2352!/:?]
	at net.minecraftforge.eventbus.EventBus.post(EventBus.java:296) ~[eventbus-6.0.5.jar%2352!/:?]
	at net.minecraft.world.entity.LivingEntity.m_21319_(LivingEntity.java:2410) ~[server-1.20.1-20230612.114412-srg.jar%23279!/:?]
	at net.minecraft.world.entity.LivingEntity.m_21315_(LivingEntity.java:2381) ~[server-1.20.1-20230612.114412-srg.jar%23279!/:?]
	at net.minecraft.world.entity.LivingEntity.m_8119_(LivingEntity.java:2287) ~[server-1.20.1-20230612.114412-srg.jar%23279!/:?]
	at net.minecraft.world.entity.player.Player.m_8119_(Player.java:241) ~[server-1.20.1-20230612.114412-srg.jar%23279!/:?]
	at net.minecraft.server.level.ServerPlayer.m_9240_(ServerPlayer.java:467) ~[server-1.20.1-20230612.114412-srg.jar%23279!/:?]
	at net.minecraft.server.network.ServerGamePacketListenerImpl.m_9933_(ServerGamePacketListenerImpl.java:262) ~[server-1.20.1-20230612.114412-srg.jar%23279!/:?]
	at net.minecraft.network.Connection.m_129483_(Connection.java:263) ~[server-1.20.1-20230612.114412-srg.jar%23279!/:?]
	at net.minecraft.server.network.ServerConnectionListener.m_9721_(ServerConnectionListener.java:142) ~[server-1.20.1-20230612.114412-srg.jar%23279!/:?]
	at net.minecraft.server.MinecraftServer.m_5703_(MinecraftServer.java:907) ~[server-1.20.1-20230612.114412-srg.jar%23279!/:?]
	at net.minecraft.server.dedicated.DedicatedServer.m_5703_(DedicatedServer.java:283) ~[server-1.20.1-20230612.114412-srg.jar%23279!/:?]
	at net.minecraft.server.MinecraftServer.m_5705_(MinecraftServer.java:814) ~[server-1.20.1-20230612.114412-srg.jar%23279!/:?]
	at net.minecraft.server.MinecraftServer.m_130011_(MinecraftServer.java:661) ~[server-1.20.1-20230612.114412-srg.jar%23279!/:?]
	at net.minecraft.server.MinecraftServer.m_206580_(MinecraftServer.java:251) ~[server-1.20.1-20230612.114412-srg.jar%23279!/:?]
	at java.lang.Thread.run(Thread.java:840) ~[?:?]
[22Jan2026 01:25:22.940] [Server thread/WARN] [de.teamlapen.vampirism.entity.player.vampire.VampirePlayer/]: Cannot get Vampire player capability. This might break mod functionality.
java.lang.Throwable: null
	at de.teamlapen.vampirism.entity.player.vampire.VampirePlayer.getOpt(VampirePlayer.java:142) ~[Vampirism-1.20.1-1.10.13.jar%23263!/:1.20.1-1.10.13]
	at de.teamlapen.vampirism.entity.ModEntityEventHandler.onEntityEquipmentChange(ModEntityEventHandler.java:122) ~[Vampirism-1.20.1-1.10.13.jar%23263!/:1.20.1-1.10.13]
	at de.teamlapen.vampirism.entity.__ModEntityEventHandler_onEntityEquipmentChange_LivingEquipmentChangeEvent.invoke(.dynamic) ~[Vampirism-1.20.1-1.10.13.jar%23263!/:1.20.1-1.10.13]
	at net.minecraftforge.eventbus.ASMEventHandler.invoke(ASMEventHandler.java:73) ~[eventbus-6.0.5.jar%2352!/:?]
	at net.minecraftforge.eventbus.EventBus.post(EventBus.java:315) ~[eventbus-6.0.5.jar%2352!/:?]
	at net.minecraftforge.eventbus.EventBus.post(EventBus.java:296) ~[eventbus-6.0.5.jar%2352!/:?]
	at net.minecraft.world.entity.LivingEntity.m_21319_(LivingEntity.java:2410) ~[server-1.20.1-20230612.114412-srg.jar%23279!/:?]
	at net.minecraft.world.entity.LivingEntity.m_21315_(LivingEntity.java:2381) ~[server-1.20.1-20230612.114412-srg.jar%23279!/:?]
	at net.minecraft.world.entity.LivingEntity.m_8119_(LivingEntity.java:2287) ~[server-1.20.1-20230612.114412-srg.jar%23279!/:?]
	at net.minecraft.world.entity.player.Player.m_8119_(Player.java:241) ~[server-1.20.1-20230612.114412-srg.jar%23279!/:?]
	at net.minecraft.server.level.ServerPlayer.m_9240_(ServerPlayer.java:467) ~[server-1.20.1-20230612.114412-srg.jar%23279!/:?]
	at net.minecraft.server.network.ServerGamePacketListenerImpl.m_9933_(ServerGamePacketListenerImpl.java:262) ~[server-1.20.1-20230612.114412-srg.jar%23279!/:?]
	at net.minecraft.network.Connection.m_129483_(Connection.java:263) ~[server-1.20.1-20230612.114412-srg.jar%23279!/:?]
	at net.minecraft.server.network.ServerConnectionListener.m_9721_(ServerConnectionListener.java:142) ~[server-1.20.1-20230612.114412-srg.jar%23279!/:?]
	at net.minecraft.server.MinecraftServer.m_5703_(MinecraftServer.java:907) ~[server-1.20.1-20230612.114412-srg.jar%23279!/:?]
	at net.minecraft.server.dedicated.DedicatedServer.m_5703_(DedicatedServer.java:283) ~[server-1.20.1-20230612.114412-srg.jar%23279!/:?]
	at net.minecraft.server.MinecraftServer.m_5705_(MinecraftServer.java:814) ~[server-1.20.1-20230612.114412-srg.jar%23279!/:?]
	at net.minecraft.server.MinecraftServer.m_130011_(MinecraftServer.java:661) ~[server-1.20.1-20230612.114412-srg.jar%23279!/:?]
	at net.minecraft.server.MinecraftServer.m_206580_(MinecraftServer.java:251) ~[server-1.20.1-20230612.114412-srg.jar%23279!/:?]
	at java.lang.Thread.run(Thread.java:840) ~[?:?]
[22Jan2026 01:25:22.941] [Server thread/WARN] [de.teamlapen.vampirism.entity.player.vampire.VampirePlayer/]: Cannot get Vampire player capability. This might break mod functionality.
java.lang.Throwable: null
	at de.teamlapen.vampirism.entity.player.vampire.VampirePlayer.getOpt(VampirePlayer.java:142) ~[Vampirism-1.20.1-1.10.13.jar%23263!/:1.20.1-1.10.13]
	at de.teamlapen.vampirism.entity.ModEntityEventHandler.onEntityEquipmentChange(ModEntityEventHandler.java:122) ~[Vampirism-1.20.1-1.10.13.jar%23263!/:1.20.1-1.10.13]
	at de.teamlapen.vampirism.entity.__ModEntityEventHandler_onEntityEquipmentChange_LivingEquipmentChangeEvent.invoke(.dynamic) ~[Vampirism-1.20.1-1.10.13.jar%23263!/:1.20.1-1.10.13]
	at net.minecraftforge.eventbus.ASMEventHandler.invoke(ASMEventHandler.java:73) ~[eventbus-6.0.5.jar%2352!/:?]
	at net.minecraftforge.eventbus.EventBus.post(EventBus.java:315) ~[eventbus-6.0.5.jar%2352!/:?]
	at net.minecraftforge.eventbus.EventBus.post(EventBus.java:296) ~[eventbus-6.0.5.jar%2352!/:?]
	at net.minecraft.world.entity.LivingEntity.m_21319_(LivingEntity.java:2410) ~[server-1.20.1-20230612.114412-srg.jar%23279!/:?]
	at net.minecraft.world.entity.LivingEntity.m_21315_(LivingEntity.java:2381) ~[server-1.20.1-20230612.114412-srg.jar%23279!/:?]
	at net.minecraft.world.entity.LivingEntity.m_8119_(LivingEntity.java:2287) ~[server-1.20.1-20230612.114412-srg.jar%23279!/:?]
	at net.minecraft.world.entity.player.Player.m_8119_(Player.java:241) ~[server-1.20.1-20230612.114412-srg.jar%23279!/:?]
	at net.minecraft.server.level.ServerPlayer.m_9240_(ServerPlayer.java:467) ~[server-1.20.1-20230612.114412-srg.jar%23279!/:?]
	at net.minecraft.server.network.ServerGamePacketListenerImpl.m_9933_(ServerGamePacketListenerImpl.java:262) ~[server-1.20.1-20230612.114412-srg.jar%23279!/:?]
	at net.minecraft.network.Connection.m_129483_(Connection.java:263) ~[server-1.20.1-20230612.114412-srg.jar%23279!/:?]
	at net.minecraft.server.network.ServerConnectionListener.m_9721_(ServerConnectionListener.java:142) ~[server-1.20.1-20230612.114412-srg.jar%23279!/:?]
	at net.minecraft.server.MinecraftServer.m_5703_(MinecraftServer.java:907) ~[server-1.20.1-20230612.114412-srg.jar%23279!/:?]
	at net.minecraft.server.dedicated.DedicatedServer.m_5703_(DedicatedServer.java:283) ~[server-1.20.1-20230612.114412-srg.jar%23279!/:?]
	at net.minecraft.server.MinecraftServer.m_5705_(MinecraftServer.java:814) ~[server-1.20.1-20230612.114412-srg.jar%23279!/:?]
	at net.minecraft.server.MinecraftServer.m_130011_(MinecraftServer.java:661) ~[server-1.20.1-20230612.114412-srg.jar%23279!/:?]
	at net.minecraft.server.MinecraftServer.m_206580_(MinecraftServer.java:251) ~[server-1.20.1-20230612.114412-srg.jar%23279!/:?]
	at java.lang.Thread.run(Thread.java:840) ~[?:?]
[22Jan2026 01:25:22.942] [Server thread/INFO] [tombstone/]: The player MitsukiRev has successfully been saved
[22Jan2026 01:25:29.327] [Server thread/INFO] [net.minecraft.server.network.ServerGamePacketListenerImpl/]: JhosuaG lost connection: Disconnected
[22Jan2026 01:25:29.327] [Server thread/INFO] [net.minecraft.server.MinecraftServer/]: JhosuaG left the game
[22Jan2026 01:26:20.728] [Server thread/WARN] [net.minecraft.server.network.ServerGamePacketListenerImpl/]: MitsukiRev moved too quickly! 9.919791327839675,1.7531999805212024,0.018590164217812344
[22Jan2026 01:26:31.273] [Server thread/WARN] [tombstone/]: The death event of the player MitsukiRev was canceled by another mod
[22Jan2026 01:26:31.275] [Server thread/INFO] [tombstone/]: The player MitsukiRev has successfully been saved
[22Jan2026 01:26:35.274] [Server thread/INFO] [net.minecraft.server.MinecraftServer/]: MitsukiRev did not like the sun
[22Jan2026 01:26:35.869] [Server thread/WARN] [de.teamlapen.vampirism.entity.player.vampire.VampirePlayer/]: Cannot get Vampire player capability. This might break mod functionality.
java.lang.Throwable: null
	at de.teamlapen.vampirism.entity.player.vampire.VampirePlayer.getOpt(VampirePlayer.java:142) ~[Vampirism-1.20.1-1.10.13.jar%23263!/:1.20.1-1.10.13]
	at de.teamlapen.vampirism.entity.ModEntityEventHandler.onEntityEquipmentChange(ModEntityEventHandler.java:122) ~[Vampirism-1.20.1-1.10.13.jar%23263!/:1.20.1-1.10.13]
	at de.teamlapen.vampirism.entity.__ModEntityEventHandler_onEntityEquipmentChange_LivingEquipmentChangeEvent.invoke(.dynamic) ~[Vampirism-1.20.1-1.10.13.jar%23263!/:1.20.1-1.10.13]
	at net.minecraftforge.eventbus.ASMEventHandler.invoke(ASMEventHandler.java:73) ~[eventbus-6.0.5.jar%2352!/:?]
	at net.minecraftforge.eventbus.EventBus.post(EventBus.java:315) ~[eventbus-6.0.5.jar%2352!/:?]
	at net.minecraftforge.eventbus.EventBus.post(EventBus.java:296) ~[eventbus-6.0.5.jar%2352!/:?]
	at net.minecraft.world.entity.LivingEntity.m_21319_(LivingEntity.java:2410) ~[server-1.20.1-20230612.114412-srg.jar%23279!/:?]
	at net.minecraft.world.entity.LivingEntity.m_21315_(LivingEntity.java:2381) ~[server-1.20.1-20230612.114412-srg.jar%23279!/:?]
	at net.minecraft.world.entity.LivingEntity.m_8119_(LivingEntity.java:2287) ~[server-1.20.1-20230612.114412-srg.jar%23279!/:?]
	at net.minecraft.world.entity.player.Player.m_8119_(Player.java:241) ~[server-1.20.1-20230612.114412-srg.jar%23279!/:?]
	at net.minecraft.server.level.ServerPlayer.m_9240_(ServerPlayer.java:467) ~[server-1.20.1-20230612.114412-srg.jar%23279!/:?]
	at net.minecraft.server.network.ServerGamePacketListenerImpl.m_9933_(ServerGamePacketListenerImpl.java:262) ~[server-1.20.1-20230612.114412-srg.jar%23279!/:?]
	at net.minecraft.network.Connection.m_129483_(Connection.java:263) ~[server-1.20.1-20230612.114412-srg.jar%23279!/:?]
	at net.minecraft.server.network.ServerConnectionListener.m_9721_(ServerConnectionListener.java:142) ~[server-1.20.1-20230612.114412-srg.jar%23279!/:?]
	at net.minecraft.server.MinecraftServer.m_5703_(MinecraftServer.java:907) ~[server-1.20.1-20230612.114412-srg.jar%23279!/:?]
	at net.minecraft.server.dedicated.DedicatedServer.m_5703_(DedicatedServer.java:283) ~[server-1.20.1-20230612.114412-srg.jar%23279!/:?]
	at net.minecraft.server.MinecraftServer.m_5705_(MinecraftServer.java:814) ~[server-1.20.1-20230612.114412-srg.jar%23279!/:?]
	at net.minecraft.server.MinecraftServer.m_130011_(MinecraftServer.java:661) ~[server-1.20.1-20230612.114412-srg.jar%23279!/:?]
	at net.minecraft.server.MinecraftServer.m_206580_(MinecraftServer.java:251) ~[server-1.20.1-20230612.114412-srg.jar%23279!/:?]
	at java.lang.Thread.run(Thread.java:840) ~[?:?]
[22Jan2026 01:26:35.870] [Server thread/WARN] [de.teamlapen.vampirism.entity.player.vampire.VampirePlayer/]: Cannot get Vampire player capability. This might break mod functionality.
java.lang.Throwable: null
	at de.teamlapen.vampirism.entity.player.vampire.VampirePlayer.getOpt(VampirePlayer.java:142) ~[Vampirism-1.20.1-1.10.13.jar%23263!/:1.20.1-1.10.13]
	at de.teamlapen.vampirism.entity.ModEntityEventHandler.onEntityEquipmentChange(ModEntityEventHandler.java:122) ~[Vampirism-1.20.1-1.10.13.jar%23263!/:1.20.1-1.10.13]
	at de.teamlapen.vampirism.entity.__ModEntityEventHandler_onEntityEquipmentChange_LivingEquipmentChangeEvent.invoke(.dynamic) ~[Vampirism-1.20.1-1.10.13.jar%23263!/:1.20.1-1.10.13]
	at net.minecraftforge.eventbus.ASMEventHandler.invoke(ASMEventHandler.java:73) ~[eventbus-6.0.5.jar%2352!/:?]
	at net.minecraftforge.eventbus.EventBus.post(EventBus.java:315) ~[eventbus-6.0.5.jar%2352!/:?]
	at net.minecraftforge.eventbus.EventBus.post(EventBus.java:296) ~[eventbus-6.0.5.jar%2352!/:?]
	at net.minecraft.world.entity.LivingEntity.m_21319_(LivingEntity.java:2410) ~[server-1.20.1-20230612.114412-srg.jar%23279!/:?]
	at net.minecraft.world.entity.LivingEntity.m_21315_(LivingEntity.java:2381) ~[server-1.20.1-20230612.114412-srg.jar%23279!/:?]
	at net.minecraft.world.entity.LivingEntity.m_8119_(LivingEntity.java:2287) ~[server-1.20.1-20230612.114412-srg.jar%23279!/:?]
	at net.minecraft.world.entity.player.Player.m_8119_(Player.java:241) ~[server-1.20.1-20230612.114412-srg.jar%23279!/:?]
	at net.minecraft.server.level.ServerPlayer.m_9240_(ServerPlayer.java:467) ~[server-1.20.1-20230612.114412-srg.jar%23279!/:?]
	at net.minecraft.server.network.ServerGamePacketListenerImpl.m_9933_(ServerGamePacketListenerImpl.java:262) ~[server-1.20.1-20230612.114412-srg.jar%23279!/:?]
	at net.minecraft.network.Connection.m_129483_(Connection.java:263) ~[server-1.20.1-20230612.114412-srg.jar%23279!/:?]
	at net.minecraft.server.network.ServerConnectionListener.m_9721_(ServerConnectionListener.java:142) ~[server-1.20.1-20230612.114412-srg.jar%23279!/:?]
	at net.minecraft.server.MinecraftServer.m_5703_(MinecraftServer.java:907) ~[server-1.20.1-20230612.114412-srg.jar%23279!/:?]
	at net.minecraft.server.dedicated.DedicatedServer.m_5703_(DedicatedServer.java:283) ~[server-1.20.1-20230612.114412-srg.jar%23279!/:?]
	at net.minecraft.server.MinecraftServer.m_5705_(MinecraftServer.java:814) ~[server-1.20.1-20230612.114412-srg.jar%23279!/:?]
	at net.minecraft.server.MinecraftServer.m_130011_(MinecraftServer.java:661) ~[server-1.20.1-20230612.114412-srg.jar%23279!/:?]
	at net.minecraft.server.MinecraftServer.m_206580_(MinecraftServer.java:251) ~[server-1.20.1-20230612.114412-srg.jar%23279!/:?]
	at java.lang.Thread.run(Thread.java:840) ~[?:?]
[22Jan2026 01:26:35.871] [Server thread/WARN] [de.teamlapen.vampirism.entity.player.vampire.VampirePlayer/]: Cannot get Vampire player capability. This might break mod functionality.
java.lang.Throwable: null
	at de.teamlapen.vampirism.entity.player.vampire.VampirePlayer.getOpt(VampirePlayer.java:142) ~[Vampirism-1.20.1-1.10.13.jar%23263!/:1.20.1-1.10.13]
	at de.teamlapen.vampirism.entity.ModEntityEventHandler.onEntityEquipmentChange(ModEntityEventHandler.java:122) ~[Vampirism-1.20.1-1.10.13.jar%23263!/:1.20.1-1.10.13]
	at de.teamlapen.vampirism.entity.__ModEntityEventHandler_onEntityEquipmentChange_LivingEquipmentChangeEvent.invoke(.dynamic) ~[Vampirism-1.20.1-1.10.13.jar%23263!/:1.20.1-1.10.13]
	at net.minecraftforge.eventbus.ASMEventHandler.invoke(ASMEventHandler.java:73) ~[eventbus-6.0.5.jar%2352!/:?]
	at net.minecraftforge.eventbus.EventBus.post(EventBus.java:315) ~[eventbus-6.0.5.jar%2352!/:?]
	at net.minecraftforge.eventbus.EventBus.post(EventBus.java:296) ~[eventbus-6.0.5.jar%2352!/:?]
	at net.minecraft.world.entity.LivingEntity.m_21319_(LivingEntity.java:2410) ~[server-1.20.1-20230612.114412-srg.jar%23279!/:?]
	at net.minecraft.world.entity.LivingEntity.m_21315_(LivingEntity.java:2381) ~[server-1.20.1-20230612.114412-srg.jar%23279!/:?]
	at net.minecraft.world.entity.LivingEntity.m_8119_(LivingEntity.java:2287) ~[server-1.20.1-20230612.114412-srg.jar%23279!/:?]
	at net.minecraft.world.entity.player.Player.m_8119_(Player.java:241) ~[server-1.20.1-20230612.114412-srg.jar%23279!/:?]
	at net.minecraft.server.level.ServerPlayer.m_9240_(ServerPlayer.java:467) ~[server-1.20.1-20230612.114412-srg.jar%23279!/:?]
	at net.minecraft.server.network.ServerGamePacketListenerImpl.m_9933_(ServerGamePacketListenerImpl.java:262) ~[server-1.20.1-20230612.114412-srg.jar%23279!/:?]
	at net.minecraft.network.Connection.m_129483_(Connection.java:263) ~[server-1.20.1-20230612.114412-srg.jar%23279!/:?]
	at net.minecraft.server.network.ServerConnectionListener.m_9721_(ServerConnectionListener.java:142) ~[server-1.20.1-20230612.114412-srg.jar%23279!/:?]
	at net.minecraft.server.MinecraftServer.m_5703_(MinecraftServer.java:907) ~[server-1.20.1-20230612.114412-srg.jar%23279!/:?]
	at net.minecraft.server.dedicated.DedicatedServer.m_5703_(DedicatedServer.java:283) ~[server-1.20.1-20230612.114412-srg.jar%23279!/:?]
	at net.minecraft.server.MinecraftServer.m_5705_(MinecraftServer.java:814) ~[server-1.20.1-20230612.114412-srg.jar%23279!/:?]
	at net.minecraft.server.MinecraftServer.m_130011_(MinecraftServer.java:661) ~[server-1.20.1-20230612.114412-srg.jar%23279!/:?]
	at net.minecraft.server.MinecraftServer.m_206580_(MinecraftServer.java:251) ~[server-1.20.1-20230612.114412-srg.jar%23279!/:?]
	at java.lang.Thread.run(Thread.java:840) ~[?:?]
[22Jan2026 01:26:35.872] [Server thread/WARN] [de.teamlapen.vampirism.entity.player.vampire.VampirePlayer/]: Cannot get Vampire player capability. This might break mod functionality.
java.lang.Throwable: null
	at de.teamlapen.vampirism.entity.player.vampire.VampirePlayer.getOpt(VampirePlayer.java:142) ~[Vampirism-1.20.1-1.10.13.jar%23263!/:1.20.1-1.10.13]
	at de.teamlapen.vampirism.entity.ModEntityEventHandler.onEntityEquipmentChange(ModEntityEventHandler.java:122) ~[Vampirism-1.20.1-1.10.13.jar%23263!/:1.20.1-1.10.13]
	at de.teamlapen.vampirism.entity.__ModEntityEventHandler_onEntityEquipmentChange_LivingEquipmentChangeEvent.invoke(.dynamic) ~[Vampirism-1.20.1-1.10.13.jar%23263!/:1.20.1-1.10.13]
	at net.minecraftforge.eventbus.ASMEventHandler.invoke(ASMEventHandler.java:73) ~[eventbus-6.0.5.jar%2352!/:?]
	at net.minecraftforge.eventbus.EventBus.post(EventBus.java:315) ~[eventbus-6.0.5.jar%2352!/:?]
	at net.minecraftforge.eventbus.EventBus.post(EventBus.java:296) ~[eventbus-6.0.5.jar%2352!/:?]
	at net.minecraft.world.entity.LivingEntity.m_21319_(LivingEntity.java:2410) ~[server-1.20.1-20230612.114412-srg.jar%23279!/:?]
	at net.minecraft.world.entity.LivingEntity.m_21315_(LivingEntity.java:2381) ~[server-1.20.1-20230612.114412-srg.jar%23279!/:?]
	at net.minecraft.world.entity.LivingEntity.m_8119_(LivingEntity.java:2287) ~[server-1.20.1-20230612.114412-srg.jar%23279!/:?]
	at net.minecraft.world.entity.player.Player.m_8119_(Player.java:241) ~[server-1.20.1-20230612.114412-srg.jar%23279!/:?]
	at net.minecraft.server.level.ServerPlayer.m_9240_(ServerPlayer.java:467) ~[server-1.20.1-20230612.114412-srg.jar%23279!/:?]
	at net.minecraft.server.network.ServerGamePacketListenerImpl.m_9933_(ServerGamePacketListenerImpl.java:262) ~[server-1.20.1-20230612.114412-srg.jar%23279!/:?]
	at net.minecraft.network.Connection.m_129483_(Connection.java:263) ~[server-1.20.1-20230612.114412-srg.jar%23279!/:?]
	at net.minecraft.server.network.ServerConnectionListener.m_9721_(ServerConnectionListener.java:142) ~[server-1.20.1-20230612.114412-srg.jar%23279!/:?]
	at net.minecraft.server.MinecraftServer.m_5703_(MinecraftServer.java:907) ~[server-1.20.1-20230612.114412-srg.jar%23279!/:?]
	at net.minecraft.server.dedicated.DedicatedServer.m_5703_(DedicatedServer.java:283) ~[server-1.20.1-20230612.114412-srg.jar%23279!/:?]
	at net.minecraft.server.MinecraftServer.m_5705_(MinecraftServer.java:814) ~[server-1.20.1-20230612.114412-srg.jar%23279!/:?]
	at net.minecraft.server.MinecraftServer.m_130011_(MinecraftServer.java:661) ~[server-1.20.1-20230612.114412-srg.jar%23279!/:?]
	at net.minecraft.server.MinecraftServer.m_206580_(MinecraftServer.java:251) ~[server-1.20.1-20230612.114412-srg.jar%23279!/:?]
	at java.lang.Thread.run(Thread.java:840) ~[?:?]
[22Jan2026 01:26:35.874] [Server thread/INFO] [tombstone/]: The player MitsukiRev has successfully been saved
[22Jan2026 01:31:11.793] [Server thread/INFO] [net.minecraft.server.players.PlayerList/]: JhosuaG[/127.160.87.224:49967] logged in with entity id 4328 at (966.585386239372, 104.0, -774.5300029506772)
[22Jan2026 01:31:38.357] [Server thread/INFO] [net.minecraft.server.MinecraftServer/]: JhosuaG joined the game
[22Jan2026 01:31:38.450] [Server thread/INFO] [Jade/]: Syncing config to JhosuaG (1511982c-48ac-3ccf-b9d0-01a44d145d89)
[22Jan2026 01:31:38.473] [Server thread/WARN] [net.minecraft.server.network.ServerGamePacketListenerImpl/]: MitsukiRev moved too quickly! 10.099886729701893,0.0,0.27332723885501764
[22Jan2026 01:31:38.479] [Server thread/WARN] [net.minecraft.server.MinecraftServer/]: Can't keep up! Is the server overloaded? Running 26669ms or 533 ticks behind
